{
 "25": {
  "z": 3.008131071630377,
  "a": 0.24949283896377986,
  "n_kept": 122422,
  "chunks": 21,
  "counts": {
   "2e11": 53715,
   "5e11": 15467,
   "1e12": 5233,
   "2e12": 1469,
   "5e12": 204,
   "1e13": 38
  }
 },
 "30": {
  "z": 2.3161107439568918,
  "a": 0.30155808331261197,
  "n_kept": 169313,
  "chunks": 28,
  "counts": {
   "2e11": 81928,
   "5e11": 27546,
   "1e12": 10884,
   "2e12": 3756,
   "5e12": 703,
   "1e13": 167
  }
 },
 "36": {
  "z": 1.7435705743308647,
  "a": 0.3644885279628326,
  "n_kept": 205824,
  "chunks": 37,
  "counts": {
   "2e11": 105437,
   "5e11": 39450,
   "1e12": 17202,
   "2e12": 6771,
   "5e12": 1620,
   "1e13": 507
  }
 },
 "42": {
  "z": 1.3575766674029972,
  "a": 0.42416436072959446,
  "n_kept": 223502,
  "chunks": 50,
  "counts": {
   "2e11": 117687,
   "5e11": 46806,
   "1e12": 21824,
   "2e12": 9021,
   "5e12": 2506,
   "1e13": 902
  }
 },
 "49": {
  "z": 1.035510445664141,
  "a": 0.4912772627279358,
  "n_kept": 231831,
  "chunks": 68,
  "counts": {
   "2e11": 124713,
   "5e11": 51753,
   "1e12": 25153,
   "2e12": 10891,
   "5e12": 3352,
   "1e13": 1332
  }
 },
 "56": {
  "z": 0.7910682489463392,
  "a": 0.5583260161014446,
  "n_kept": 233388,
  "chunks": 88,
  "counts": {
   "2e11": 127434,
   "5e11": 54441,
   "1e12": 27092,
   "2e12": 12034,
   "5e12": 3970,
   "1e13": 1689
  }
 },
 "65": {
  "z": 0.5463921831410221,
  "a": 0.6466664866145445,
  "n_kept": 230779,
  "chunks": 112,
  "counts": {
   "2e11": 127225,
   "5e11": 55252,
   "1e12": 28200,
   "2e12": 12926,
   "5e12": 4486,
   "1e13": 2044
  }
 },
 "76": {
  "z": 0.32882972420595435,
  "a": 0.7525418658117033,
  "n_kept": 225694,
  "chunks": 137,
  "counts": {
   "2e11": 124889,
   "5e11": 54937,
   "1e12": 28269,
   "2e12": 13118,
   "5e12": 4882,
   "1e13": 2282
  }
 },
 "87": {
  "z": 0.15274876890238098,
  "a": 0.8674917093619414,
  "n_kept": 219159,
  "chunks": 161,
  "counts": {
   "2e11": 121622,
   "5e11": 53813,
   "1e12": 27478,
   "2e12": 13025,
   "5e12": 5032,
   "1e13": 2472
  }
 },
 "99": {
  "z": 2.220446049250313e-16,
  "a": 0.9999999999999998,
  "n_kept": 212749,
  "chunks": 186,
  "counts": {
   "2e11": 118105,
   "5e11": 52314,
   "1e12": 26373,
   "2e12": 12626,
   "5e12": 5072,
   "1e13": 2522
  }
 }
}