{
  "meta": {
    "construction": "holonomic P_omega -- Wilson-loop holonomy of the framework's emergence-map connection around the TSVF forward-backward loop",
    "seed": 20260522,
    "c1_rg": 0.63552212827453,
    "d_rung": 64,
    "rho_lower": 0.1,
    "rho_upper": 0.43,
    "rho_mid": 0.265,
    "w_half": 0.16499999999999998,
    "aniso": [
      0.9,
      1.3,
      0.6
    ],
    "min_dwell": 8,
    "connection": "forward W_n = unitary RG-transport frame (anisotropic block Hamiltonian eigenbasis) o within-rung corridor novelty rotation, fractional-transported by c1; backward B = H_corr-dephasing (gamma*M rate) o inverse RG-transport -- the genuine backward generator, B != W^dag",
    "loop": "forward up R-1 rungs (W) then backward down R-1 rungs (B); holonomy Hol(R) = B^(R-1) W^(R-1)",
    "elapsed_s": 0.008218050003051758
  },
  "results": [
    {
      "hol_trace": 0.29735145233738247,
      "hol_specrad": 0.9323871483836826,
      "hol_id_dist": 1.1110112837513495,
      "hol_zero_dist": 0.9101998698620544,
      "hol_curvature": 0.5816204373585165,
      "sv_max": 0.9930517589079679,
      "sv_min": 0.7365342411775903,
      "fact_gap": 0.6543403440807247,
      "joint_logtrace": -1.212840498572478,
      "fact_logtrace": -0.5585001544917534,
      "diluted_ref_1_over_count": 0.5,
      "hol_trace_in_corridor": true,
      "R": 3,
      "wall_s": 0.0072367191314697266
    },
    {
      "hol_trace": 0.06477050847925253,
      "hol_specrad": 0.9052895096730893,
      "hol_id_dist": 1.372446324886948,
      "hol_zero_dist": 0.8684624246459365,
      "hol_curvature": 0.734532472681124,
      "sv_max": 0.974783061327111,
      "sv_min": 0.6773669380588127,
      "fact_gap": 1.8991546635439436,
      "joint_logtrace": -2.7369048952815738,
      "fact_logtrace": -0.8377502317376301,
      "diluted_ref_1_over_count": 0.3333333333333333,
      "hol_trace_in_corridor": false,
      "R": 4,
      "wall_s": 0.005690574645996094
    },
    {
      "hol_trace": 0.15612516234299997,
      "hol_specrad": 0.8693406973959502,
      "hol_id_dist": 1.4133919179139771,
      "hol_zero_dist": 0.82869144644531,
      "hol_curvature": 0.7728979761246162,
      "sv_max": 0.9558599841068423,
      "sv_min": 0.6207777614801475,
      "fact_gap": 0.7400969617263677,
      "joint_logtrace": -1.8570972707098745,
      "fact_logtrace": -1.1170003089835068,
      "diluted_ref_1_over_count": 0.25,
      "hol_trace_in_corridor": true,
      "R": 5,
      "wall_s": 0.005820274353027344
    },
    {
      "hol_trace": 0.04223886405864662,
      "hol_specrad": 0.8392170191942265,
      "hol_id_dist": 1.3068777100746463,
      "hol_zero_dist": 0.7908660107076825,
      "hol_curvature": 0.729746224597907,
      "sv_max": 0.9325663233338694,
      "sv_min": 0.5749464867200628,
      "fact_gap": 1.768164146267338,
      "joint_logtrace": -3.1644145324967217,
      "fact_logtrace": -1.3962503862293836,
      "diluted_ref_1_over_count": 0.2,
      "hol_trace_in_corridor": false,
      "R": 6,
      "wall_s": 0.006051540374755859
    },
    {
      "hol_trace": 0.08603226127546683,
      "hol_specrad": 0.8100941535681931,
      "hol_id_dist": 1.1822610458488354,
      "hol_zero_dist": 0.7547320247867805,
      "hol_curvature": 0.6737558950019695,
      "sv_max": 0.9079979581887947,
      "sv_min": 0.5327308901564379,
      "fact_gap": 0.7775324584873731,
      "joint_logtrace": -2.4530329219626332,
      "fact_logtrace": -1.6755004634752602,
      "diluted_ref_1_over_count": 0.16666666666666666,
      "hol_trace_in_corridor": false,
      "R": 7,
      "wall_s": 0.006262779235839844
    },
    {
      "hol_trace": 0.09867347416139033,
      "hol_specrad": 0.7822348780845709,
      "hol_id_dist": 1.1499579935096274,
      "hol_zero_dist": 0.7202472478872464,
      "hol_curvature": 0.6684841350113884,
      "sv_max": 0.8832235009216972,
      "sv_min": 0.49641469973906155,
      "fact_gap": 0.36118858010613075,
      "joint_logtrace": -2.3159391208272675,
      "fact_logtrace": -1.9547505407211367,
      "diluted_ref_1_over_count": 0.14285714285714285,
      "hol_trace_in_corridor": false,
      "R": 8,
      "wall_s": 0.0064580440521240234
    },
    {
      "hol_trace": 0.040884951437641405,
      "hol_specrad": 0.7037671247863464,
      "hol_id_dist": 1.212813613290735,
      "hol_zero_dist": 0.6259693260635488,
      "hol_curvature": 0.7459019022375665,
      "sv_max": 0.8094334667334321,
      "sv_min": 0.40510479120874776,
      "fact_gap": 0.4044924466894817,
      "joint_logtrace": -3.196993219148249,
      "fact_logtrace": -2.792500772458767,
      "diluted_ref_1_over_count": 0.1,
      "hol_trace_in_corridor": false,
      "R": 11,
      "wall_s": 0.007013797760009766
    },
    {
      "hol_trace": 0.043193763552803646,
      "hol_specrad": 0.6548624948588837,
      "hol_id_dist": 1.1129198475202544,
      "hol_zero_dist": 0.570060762688326,
      "hol_curvature": 0.7088387111939953,
      "sv_max": 0.7564162585943458,
      "sv_min": 0.3554837977765747,
      "fact_gap": 0.20894177059360253,
      "joint_logtrace": -3.142059156356918,
      "fact_logtrace": -3.3510009269505203,
      "diluted_ref_1_over_count": 0.08333333333333333,
      "hol_trace_in_corridor": false,
      "R": 13,
      "wall_s": 0.007689714431762695
    },
    {
      "hol_trace": 0.037580571854143575,
      "hol_specrad": 0.5124102607609963,
      "hol_id_dist": 1.0459564005560775,
      "hol_zero_dist": 0.4113084673501261,
      "hol_curvature": 0.7411252924174444,
      "sv_max": 0.596238340423692,
      "sv_min": 0.22638696775924258,
      "fact_gap": 2.024483399539998,
      "joint_logtrace": -3.281268068131659,
      "fact_logtrace": -5.305751467671657,
      "diluted_ref_1_over_count": 0.05263157894736842,
      "hol_trace_in_corridor": false,
      "R": 20,
      "wall_s": 0.009145736694335938
    },
    {
      "hol_trace": 0.021549302926829526,
      "hol_specrad": 0.35922895680036454,
      "hol_id_dist": 1.0126869555350093,
      "hol_zero_dist": 0.25856610031753424,
      "hol_curvature": 0.8046354937412583,
      "sv_max": 0.4105704886911433,
      "sv_min": 0.12146920634076654,
      "fact_gap": 4.260840430392022,
      "joint_logtrace": -3.8374118097384016,
      "fact_logtrace": -8.098252240130424,
      "diluted_ref_1_over_count": 0.034482758620689655,
      "hol_trace_in_corridor": false,
      "R": 30,
      "wall_s": 0.011312246322631836
    },
    {
      "hol_trace": 0.009457569368644902,
      "hol_specrad": 0.17522495747620156,
      "hol_id_dist": 0.9959017325046435,
      "hol_zero_dist": 0.10310124913834848,
      "hol_curvature": 0.9028198755849108,
      "sv_max": 0.19096204820524376,
      "sv_min": 0.034011294426802126,
      "fact_gap": 9.022313918340062,
      "joint_logtrace": -4.660939866707896,
      "fact_logtrace": -13.683253785047958,
      "diluted_ref_1_over_count": 0.02040816326530612,
      "hol_trace_in_corridor": false,
      "R": 50,
      "wall_s": 0.015637636184692383
    },
    {
      "hol_trace": 0.018751359399296084,
      "hol_specrad": 0.7549595320632264,
      "hol_id_dist": 1.1981075144588886,
      "hol_zero_dist": 0.6872992910159152,
      "hol_curvature": 0.7100740934570734,
      "sv_max": 0.8600776038735731,
      "sv_min": 0.4633610584808024,
      "fact_gap": 1.7424884099310045,
      "joint_logtrace": -3.976489027898018,
      "fact_logtrace": -2.2340006179670135,
      "diluted_ref_1_over_count": 0.125,
      "hol_trace_in_corridor": false,
      "R": 9,
      "wall_s": 0.008150339126586914
    }
  ]
}