{
 "meta": {
  "sim": "TNG300-1 halos (calibration rung)",
  "box": 205.0,
  "ng": 64,
  "R": [
   4.0,
   8.0,
   16.0
  ],
  "seed": 20260721,
  "estimator": ""
 },
 "rows": [
  {
   "snap": 99,
   "z": 2.220446049250313e-16,
   "nhalo": 212749,
   "nbar": 0.8115730285644531,
   "sigma_delta": 1.321347584072266,
   "frac_empty": 0.14209365844726562,
   "real": {
    "4": -0.19891495828657912,
    "8": -0.2766451139150137,
    "16": -0.08344617518081691
   },
   "P_shot": 95221.92169909051,
   "nulls": {
    "N0": {
     "n": 10,
     "mean": {
      "4": 0.011087741661857688,
      "8": 0.0040192093584561816,
      "16": 0.041833890231480673
     },
     "std": {
      "4": 0.18083089502841287,
      "8": 0.2563167847725893,
      "16": 0.25722092887857567
     }
    },
    "N1": {
     "n": 20,
     "mean": {
      "4": 0.1250819849254859,
      "8": 0.11687742227423033,
      "16": 0.1114039396722919
     },
     "std": {
      "4": 0.1641530743555303,
      "8": 0.22317788431974497,
      "16": 0.23189467273376274
     }
    },
    "N1a": {
     "n": 20,
     "mean": {
      "4": -0.054594931460997406,
      "8": -0.052411307660248575,
      "16": -0.03576370880528181
     },
     "std": {
      "4": 0.18901645289721455,
      "8": 0.24278729529856277,
      "16": 0.24960033234445245
     }
    },
    "N2": {
     "n": 10,
     "mean": {
      "4": 0.02277931430304455,
      "8": 0.03588534314882173,
      "16": 0.05628575016674744
     },
     "std": {
      "4": 0.0725588897643632,
      "8": 0.1354953852191636,
      "16": 0.3868325335705779
     }
    }
   },
   "G": {
    "N0": {
     "4": -1.161320912089941,
     "8": -1.0949900277599156,
     "16": -0.48705237928534806
    },
    "N1": {
     "4": -1.9737488590091068,
     "8": -1.7632685128668384,
     "16": -0.8402526567603189
    },
    "N1a": {
     "4": -0.7635315583033485,
     "8": -0.9235813018099572,
     "16": -0.19103526797285084
    },
    "N2": {
     "4": -3.055370242152014,
     "8": -2.306576394157763,
     "16": -0.3612207175487481
    }
   }
  },
  {
   "snap": 67,
   "z": 0.5030475232448832,
   "nhalo": 229835,
   "nbar": 0.8767509460449219,
   "sigma_delta": 1.2659085561237173,
   "frac_empty": 0.12363815307617188,
   "real": {
    "4": -0.2712318247601155,
    "8": -0.31440458422026935,
    "16": -0.061392521715819146
   },
   "P_shot": 89101.75637509511,
   "nulls": {
    "N0": {
     "n": 10,
     "mean": {
      "4": -0.01905853071063206,
      "8": 0.037594580016006234,
      "16": 0.1547191116716247
     },
     "std": {
      "4": 0.17128652079688808,
      "8": 0.2644261820803394,
      "16": 0.22754085074222072
     }
    },
    "N1": {
     "n": 20,
     "mean": {
      "4": 0.07263748708262693,
      "8": 0.018572934557726843,
      "16": 0.010302762947889734
     },
     "std": {
      "4": 0.20993386700523603,
      "8": 0.2869392072424952,
      "16": 0.3602566002792825
     }
    },
    "N1a": {
     "n": 20,
     "mean": {
      "4": -0.016090787346758346,
      "8": -0.056231751457080516,
      "16": -0.013607890126309133
     },
     "std": {
      "4": 0.1527672873334892,
      "8": 0.23433938500382967,
      "16": 0.3220007419873364
     }
    },
    "N2": {
     "n": 10,
     "mean": {
      "4": -0.048822033536337836,
      "8": -0.04615190475549745,
      "16": -0.050826133012766075
     },
     "std": {
      "4": 0.07019598165972336,
      "8": 0.17943888302390973,
      "16": 0.3773606384919227
     }
    }
   },
   "G": {
    "N0": {
     "4": -1.472230814639005,
     "8": -1.3311812070460152,
     "16": -0.9497707013158487
    },
    "N1": {
     "4": -1.6379887473523547,
     "8": -1.1604462212673277,
     "16": -0.19901171722635583
    },
    "N1a": {
     "4": -1.6701287420021227,
     "8": -1.1017048318999798,
     "16": -0.14839913502866797
    },
    "N2": {
     "4": -3.168412008281531,
     "8": -1.4949529051015547,
     "16": -0.028000770682603243
    }
   }
  },
  {
   "snap": 25,
   "z": 3.008131071630377,
   "nhalo": 122422,
   "nbar": 0.46700286865234375,
   "sigma_delta": 1.6434292973395854,
   "frac_empty": 0.2566795349121094,
   "real": {
    "4": -0.27193293321382367,
    "8": -0.23800466466431044,
    "16": 0.041567186315598706
   },
   "P_shot": 166166.21665546708,
   "nulls": {
    "N0": {
     "n": 10,
     "mean": {
      "4": 0.06709459219228109,
      "8": 0.09817476588553933,
      "16": 0.14165587860065568
     },
     "std": {
      "4": 0.16587915142193668,
      "8": 0.20770595441344097,
      "16": 0.32533733453076574
     }
    },
    "N1": {
     "n": 20,
     "mean": {
      "4": 0.12847730940373733,
      "8": 0.08780572059269201,
      "16": -0.0029512829147786248
     },
     "std": {
      "4": 0.1962642394083375,
      "8": 0.2667299437309752,
      "16": 0.33155758571449506
     }
    },
    "N1a": {
     "n": 20,
     "mean": {
      "4": -0.08964727757376488,
      "8": -0.11052283621103691,
      "16": -0.11241587599895579
     },
     "std": {
      "4": 0.17919498504975812,
      "8": 0.2772984200055937,
      "16": 0.3979558430214172
     }
    },
    "N2": {
     "n": 10,
     "mean": {
      "4": -0.03967665968959785,
      "8": -0.06027496337229858,
      "16": 0.04707210268061579
     },
     "std": {
      "4": 0.10329762829818669,
      "8": 0.19862087211037394,
      "16": 0.2675388271234248
     }
    }
   },
   "G": {
    "N0": {
     "4": -2.043822400222805,
     "8": -1.6185353544592225,
     "16": -0.3076458852452792
    },
    "N1": {
     "4": -2.0401589399304045,
     "8": -1.2214990964254693,
     "16": 0.13427070032025232
    },
    "N1a": {
     "4": -1.017247528380565,
     "8": -0.4597279293935464,
     "16": 0.38693504572130993
    },
    "N2": {
     "4": -2.248418258488737,
     "8": -0.8948188546531364,
     "16": -0.02057614001005349
    }
   }
  }
 ]
}