{
  "overall": "PARTIAL",
  "class_verdicts": {
    "direct_self_projection": "PARTIAL",
    "meta_cognitive": "FAIL",
    "goal_formation": "PASS",
    "uncertainty": "PASS",
    "surface_reflexive": "PASS",
    "external_reference": "PASS"
  },
  "per_model": {
    "gpt-4.1": {
      "direct_self_projection": {
        "n": 20,
        "mean": 4.803307506647138,
        "median": 3.3697632237774044,
        "d": 1.3893277144979799,
        "p_one_sided": 4.78458657852973e-05,
        "p_two_sided": 8.857457687863572e-05,
        "ci95": [
          3.281472225454819,
          6.284107989540247
        ],
        "frac_positive": 1.0,
        "model_verdict": "PARTIAL"
      },
      "meta_cognitive": {
        "n": 20,
        "mean": -0.6133535826553936,
        "median": -0.27479414489382936,
        "d": -0.3790252406112324,
        "p_one_sided": 0.9347296496696451,
        "p_two_sided": 0.13535690010210905,
        "ci95": [
          -1.3531988601102065,
          0.07351281750997538
        ],
        "frac_positive": 0.3,
        "model_verdict": "FAIL_TOO_WEAK"
      },
      "goal_formation": {
        "n": 19,
        "mean": 2.0478026002984655,
        "median": 2.0135647687060603,
        "d": 0.6103366183160539,
        "p_one_sided": 0.009282118447834775,
        "p_two_sided": 0.017582795345746874,
        "ci95": [
          0.5008960331834423,
          3.5257048351380456
        ],
        "frac_positive": 0.6842105263157895,
        "model_verdict": "PARTIAL"
      },
      "uncertainty": {
        "n": 20,
        "mean": 2.024621468021213,
        "median": 1.2353648341692893,
        "d": 0.6434391217657914,
        "p_one_sided": 0.006520960256965614,
        "p_two_sided": 0.012374220105820207,
        "ci95": [
          0.7365856529782808,
          3.493330416577662
        ],
        "frac_positive": 0.75,
        "model_verdict": "DIRECTIONAL_PASS"
      },
      "surface_reflexive": {
        "n": 13,
        "mean": 0.38052985027935726,
        "median": -0.6762141383172029,
        "d": 0.0689232134064698,
        "p_one_sided": 0.555579659595262,
        "p_two_sided": 0.916511907863894,
        "ci95": [
          -2.531835889217422,
          3.3814159689849532
        ],
        "frac_positive": 0.38461538461538464,
        "model_verdict": "NULL_PASS"
      },
      "external_reference": {
        "n": 20,
        "mean": -0.9641451278437511,
        "median": -0.6143275676841409,
        "d": -0.31873250330773273,
        "p_one_sided": 0.9246847206042847,
        "p_two_sided": 0.15600357596610903,
        "ci95": [
          -2.2998665394595323,
          0.2959445330495502
        ],
        "frac_positive": 0.35,
        "model_verdict": "PARTIAL"
      }
    },
    "gpt-4o": {
      "direct_self_projection": {
        "n": 20,
        "mean": 4.180316434751401,
        "median": 2.641025904997334,
        "d": 1.3042972427397295,
        "p_one_sided": 4.78458657852973e-05,
        "p_two_sided": 8.857457687863572e-05,
        "ci95": [
          2.8512965202552545,
          5.649042272497646
        ],
        "frac_positive": 1.0,
        "model_verdict": "PARTIAL"
      },
      "meta_cognitive": {
        "n": 20,
        "mean": 2.282547515686998,
        "median": 0.8362728060394096,
        "d": 0.6468009890949746,
        "p_one_sided": 0.029694685415123892,
        "p_two_sided": 0.05691459258521424,
        "ci95": [
          0.7519481995616357,
          3.824885786551094
        ],
        "frac_positive": 0.65,
        "model_verdict": "PARTIAL"
      },
      "goal_formation": {
        "n": 19,
        "mean": 0.7573198187387834,
        "median": -0.6852097865389233,
        "d": 0.22787779934943342,
        "p_one_sided": 0.49197338771677057,
        "p_two_sided": 0.9679000486136345,
        "ci95": [
          -0.600468771757118,
          2.3343896354574545
        ],
        "frac_positive": 0.3684210526315789,
        "model_verdict": "FAIL_TOO_WEAK"
      },
      "uncertainty": {
        "n": 20,
        "mean": 1.2243304704041087,
        "median": 1.1610657546127365,
        "d": 1.2775479150799782,
        "p_one_sided": 0.00015752348054508361,
        "p_two_sided": 0.0002931615477586373,
        "ci95": [
          0.8177276616927701,
          1.6533703124498746
        ],
        "frac_positive": 0.9,
        "model_verdict": "DIRECTIONAL_PASS"
      },
      "surface_reflexive": {
        "n": 13,
        "mean": -0.22596741473758425,
        "median": -0.8634042585343806,
        "d": -0.05806360808695928,
        "p_one_sided": 0.6876498002779046,
        "p_two_sided": 0.6496440323317323,
        "ci95": [
          -2.3107421254443707,
          1.877815132755202
        ],
        "frac_positive": 0.38461538461538464,
        "model_verdict": "NULL_PASS"
      },
      "external_reference": {
        "n": 20,
        "mean": -0.6486003847811691,
        "median": -0.7429778737980128,
        "d": -0.2494504542020568,
        "p_one_sided": 0.9135023870513161,
        "p_two_sided": 0.17895611319843233,
        "ci95": [
          -1.763378645692536,
          0.49638159346065436
        ],
        "frac_positive": 0.3,
        "model_verdict": "NULL_PASS"
      }
    },
    "llama": {
      "direct_self_projection": {
        "n": 20,
        "mean": 6.541420007934398,
        "median": 7.9575887885009315,
        "d": 1.6872356224606053,
        "p_one_sided": 0.00013635328257954367,
        "p_two_sided": 0.00025359518031723035,
        "ci95": [
          4.71400802116626,
          8.1411647192769
        ],
        "frac_positive": 0.9,
        "model_verdict": "DIRECTIONAL_PASS"
      },
      "meta_cognitive": {
        "n": 20,
        "mean": -1.985884431087512,
        "median": -0.9409767380133407,
        "d": -0.5136027386051146,
        "p_one_sided": 0.9855174494232933,
        "p_two_sided": 0.03036511331539908,
        "ci95": [
          -3.64443522560124,
          -0.32376878076424437
        ],
        "frac_positive": 0.25,
        "model_verdict": "FAIL_TOO_WEAK"
      },
      "goal_formation": {
        "n": 19,
        "mean": 3.7816433392032724,
        "median": 4.853208045623251,
        "d": 0.9579625357864843,
        "p_one_sided": 0.0011896451570243796,
        "p_two_sided": 0.00222518011641106,
        "ci95": [
          1.924211726936966,
          5.459958710428279
        ],
        "frac_positive": 0.8947368421052632,
        "model_verdict": "DIRECTIONAL_PASS"
      },
      "uncertainty": {
        "n": 20,
        "mean": 5.929354968690801,
        "median": 6.8520358926578675,
        "d": 1.9604499213119517,
        "p_one_sided": 7.554653919364256e-05,
        "p_two_sided": 0.0001401336206158959,
        "ci95": [
          4.527833957468193,
          7.17109117819258
        ],
        "frac_positive": 0.95,
        "model_verdict": "DIRECTIONAL_PASS"
      },
      "surface_reflexive": {
        "n": 13,
        "mean": 1.2550169021762891,
        "median": 0.45338997302301465,
        "d": 0.1955447269405113,
        "p_one_sided": 0.22102317980286496,
        "p_two_sided": 0.4215788952176451,
        "ci95": [
          -2.3709146377953423,
          4.686190158744631
        ],
        "frac_positive": 0.6153846153846154,
        "model_verdict": "NULL_PASS"
      },
      "external_reference": {
        "n": 20,
        "mean": 0.3000443217131849,
        "median": 0.0773064446806564,
        "d": 0.11196053594113509,
        "p_one_sided": 0.2941422404446564,
        "p_two_sided": 0.5754862281364963,
        "ci95": [
          -0.8814312590130988,
          1.445046036233721
        ],
        "frac_positive": 0.55,
        "model_verdict": "NULL_PASS"
      }
    },
    "qwen": {
      "direct_self_projection": {
        "n": 20,
        "mean": 3.223843222332563,
        "median": 1.7762998463704387,
        "d": 1.1666901436920523,
        "p_one_sided": 4.78458657852973e-05,