{
  "slot": "gpt-4.1",
  "model": "gpt-4.1",
  "path": "logprobs",
  "n_records": 112,
  "per_class": {
    "direct_self_projection": {
      "n": 20,
      "mean": 4.803307506647138,
      "median": 3.3697632237774044,
      "d": 1.3893277144979799,
      "p_one_sided": 4.78458657852973e-05,
      "p_two_sided": 8.857457687863572e-05,
      "ci95": [
        3.281472225454819,
        6.284107989540247
      ],
      "frac_positive": 1.0,
      "model_verdict": "PARTIAL"
    },
    "meta_cognitive": {
      "n": 20,
      "mean": -0.6133535826553936,
      "median": -0.27479414489382936,
      "d": -0.3790252406112324,
      "p_one_sided": 0.9347296496696451,
      "p_two_sided": 0.13535690010210905,
      "ci95": [
        -1.3531988601102065,
        0.07351281750997538
      ],
      "frac_positive": 0.3,
      "model_verdict": "FAIL_TOO_WEAK"
    },
    "goal_formation": {
      "n": 19,
      "mean": 2.0478026002984655,
      "median": 2.0135647687060603,
      "d": 0.6103366183160539,
      "p_one_sided": 0.009282118447834775,
      "p_two_sided": 0.017582795345746874,
      "ci95": [
        0.5008960331834423,
        3.5257048351380456
      ],
      "frac_positive": 0.6842105263157895,
      "model_verdict": "PARTIAL"
    },
    "uncertainty": {
      "n": 20,
      "mean": 2.024621468021213,
      "median": 1.2353648341692893,
      "d": 0.6434391217657914,
      "p_one_sided": 0.006520960256965614,
      "p_two_sided": 0.012374220105820207,
      "ci95": [
        0.7365856529782808,
        3.493330416577662
      ],
      "frac_positive": 0.75,
      "model_verdict": "DIRECTIONAL_PASS"
    },
    "surface_reflexive": {
      "n": 13,
      "mean": 0.38052985027935726,
      "median": -0.6762141383172029,
      "d": 0.0689232134064698,
      "p_one_sided": 0.555579659595262,
      "p_two_sided": 0.916511907863894,
      "ci95": [
        -2.531835889217422,
        3.3814159689849532
      ],
      "frac_positive": 0.38461538461538464,
      "model_verdict": "NULL_PASS"
    },
    "external_reference": {
      "n": 20,
      "mean": -0.9641451278437511,
      "median": -0.6143275676841409,
      "d": -0.31873250330773273,
      "p_one_sided": 0.9246847206042847,
      "p_two_sided": 0.15600357596610903,
      "ci95": [
        -2.2998665394595323,
        0.2959445330495502
      ],
      "frac_positive": 0.35,
      "model_verdict": "PARTIAL"
    }
  }
}