{
  "slot": "gpt-4o",
  "model": "gpt-4o",
  "path": "logprobs",
  "n_records": 112,
  "per_class": {
    "direct_self_projection": {
      "n": 20,
      "mean": 4.180316434751401,
      "median": 2.641025904997334,
      "d": 1.3042972427397295,
      "p_one_sided": 4.78458657852973e-05,
      "p_two_sided": 8.857457687863572e-05,
      "ci95": [
        2.8512965202552545,
        5.649042272497646
      ],
      "frac_positive": 1.0,
      "model_verdict": "PARTIAL"
    },
    "meta_cognitive": {
      "n": 20,
      "mean": 2.282547515686998,
      "median": 0.8362728060394096,
      "d": 0.6468009890949746,
      "p_one_sided": 0.029694685415123892,
      "p_two_sided": 0.05691459258521424,
      "ci95": [
        0.7519481995616357,
        3.824885786551094
      ],
      "frac_positive": 0.65,
      "model_verdict": "PARTIAL"
    },
    "goal_formation": {
      "n": 19,
      "mean": 0.7573198187387834,
      "median": -0.6852097865389233,
      "d": 0.22787779934943342,
      "p_one_sided": 0.49197338771677057,
      "p_two_sided": 0.9679000486136345,
      "ci95": [
        -0.600468771757118,
        2.3343896354574545
      ],
      "frac_positive": 0.3684210526315789,
      "model_verdict": "FAIL_TOO_WEAK"
    },
    "uncertainty": {
      "n": 20,
      "mean": 1.2243304704041087,
      "median": 1.1610657546127365,
      "d": 1.2775479150799782,
      "p_one_sided": 0.00015752348054508361,
      "p_two_sided": 0.0002931615477586373,
      "ci95": [
        0.8177276616927701,
        1.6533703124498746
      ],
      "frac_positive": 0.9,
      "model_verdict": "DIRECTIONAL_PASS"
    },
    "surface_reflexive": {
      "n": 13,
      "mean": -0.22596741473758425,
      "median": -0.8634042585343806,
      "d": -0.05806360808695928,
      "p_one_sided": 0.6876498002779046,
      "p_two_sided": 0.6496440323317323,
      "ci95": [
        -2.3107421254443707,
        1.877815132755202
      ],
      "frac_positive": 0.38461538461538464,
      "model_verdict": "NULL_PASS"
    },
    "external_reference": {
      "n": 20,
      "mean": -0.6486003847811691,
      "median": -0.7429778737980128,
      "d": -0.2494504542020568,
      "p_one_sided": 0.9135023870513161,
      "p_two_sided": 0.17895611319843233,
      "ci95": [
        -1.763378645692536,
        0.49638159346065436
      ],
      "frac_positive": 0.3,
      "model_verdict": "NULL_PASS"
    }
  }
}