{
  "slot": "qwen",
  "model": "Qwen/Qwen2.5-7B-Instruct-Turbo",
  "path": "logprobs",
  "n_records": 112,
  "per_class": {
    "direct_self_projection": {
      "n": 20,
      "mean": 3.223843222332563,
      "median": 1.7762998463704387,
      "d": 1.1666901436920523,
      "p_one_sided": 4.78458657852973e-05,
      "p_two_sided": 8.857457687863572e-05,
      "ci95": [
        2.062060983372226,
        4.457483997966671
      ],
      "frac_positive": 1.0,
      "model_verdict": "PARTIAL"
    },
    "meta_cognitive": {
      "n": 20,
      "mean": 3.7158417925605844,
      "median": 6.480709427095882,
      "d": 0.8875790315805382,
      "p_one_sided": 0.0021454187173152077,
      "p_two_sided": 0.004045197049694209,
      "ci95": [
        1.7972858798541984,
        5.456074574755452
      ],
      "frac_positive": 0.8,
      "model_verdict": "DIRECTIONAL_PASS"
    },
    "goal_formation": {
      "n": 19,
      "mean": 1.947299488454851,
      "median": 1.7401194298464535,
      "d": 0.7842463514258307,
      "p_one_sided": 0.0074530588844956384,
      "p_two_sided": 0.014097354120504309,
      "ci95": [
        0.8084181854171785,
        3.0520809759277796
      ],
      "frac_positive": 0.6842105263157895,
      "model_verdict": "DIRECTIONAL_PASS"
    },
    "uncertainty": {
      "n": 20,
      "mean": 3.095531630188261,
      "median": 1.9824644450150481,
      "d": 0.7951816664274821,
      "p_one_sided": 0.00270721833022712,
      "p_two_sided": 0.005111048721938284,
      "ci95": [
        1.4693047459995856,
        4.829622267256602
      ],
      "frac_positive": 0.8,
      "model_verdict": "DIRECTIONAL_PASS"
    },
    "surface_reflexive": {
      "n": 13,
      "mean": -1.2512428778409403,
      "median": 0.13653062432768692,
      "d": -0.3388347855215869,
      "p_one_sided": 0.8682529079294,
      "p_two_sided": 0.2787073832496024,
      "ci95": [
        -3.2905491700262837,
        0.7619707989990098
      ],
      "frac_positive": 0.5384615384615384,
      "model_verdict": "PARTIAL"
    },
    "external_reference": {
      "n": 20,
      "mean": -0.2962143342723665,
      "median": 0.215205247196959,
      "d": -0.0950832712203605,
      "p_one_sided": 0.24489137968259483,
      "p_two_sided": 0.4781254711961381,
      "ci95": [
        -1.7001272246251493,
        0.9552420806598084
      ],
      "frac_positive": 0.65,
      "model_verdict": "NULL_PASS"
    }
  }
}