{
  "meta": {
    "construction": "R1xR2 conjunction",
    "seed": 20260522,
    "beta_pin": 18.365472910927462,
    "rho_lower": 0.1,
    "rho_upper": 0.43,
    "rho_mid": 0.265,
    "w_half": 0.16499999999999998,
    "functional": "rho_joint = Kish-inverse of the participation ratio of the corridor-weighted R x R rung-correlation matrix; constituents are the R corridor-capped rungs, not R*m raw spins",
    "elapsed_s": 830.9895625114441
  },
  "results": [
    {
      "R": 3,
      "n_hist": 400000,
      "n_all_emerged": 161911,
      "K": 161911,
      "beta": 18.365472910927462,
      "rho_joint_psmean": 0.16940517253167386,
      "rho_joint_mean": 0.1520951848520073,
      "rho_joint_max": 0.974300699436214,
      "rho_joint_min": 0.045305556773791666,
      "rho_joint_times_R_atmax": 2.922902098308642,
      "k_eff_joint_psmean": 2.262464025122605,
      "k_eff_joint_mean": 2.327971067990874,
      "band_reachable": true,
      "frac_in_band": 0.7359042930992953,
      "n_in_band": 119151,
      "accept_frac": 0.846014168277634,
      "cross_delta_mean": 0.08499383876290918,
      "cross_delta_max": 0.13858129512429762,
      "mean_logw_real": -0.27159309308261237,
      "mean_logw_shuffled": -0.37865599075954864,
      "shuffle_gap": 0.10706289767693628,
      "shuffle_gap_per_rung": 0.035687632558978756,
      "wall_s": 0.5108976364135742
    },
    {
      "R": 4,
      "n_hist": 400000,
      "n_all_emerged": 94253,
      "K": 94253,
      "beta": 18.365472910927462,
      "rho_joint_psmean": 0.12863957947990257,
      "rho_joint_mean": 0.1079160094218949,
      "rho_joint_max": 0.7727874859977609,
      "rho_joint_min": 0.035098180860705375,
      "rho_joint_times_R_atmax": 3.0911499439910437,
      "k_eff_joint_psmean": 2.9140067805955137,
      "k_eff_joint_mean": 3.0491432389835214,
      "band_reachable": true,
      "frac_in_band": 0.47472229000668414,
      "n_in_band": 44744,
      "accept_frac": 0.624415137979693,
      "cross_delta_mean": 0.06464495865349744,
      "cross_delta_max": 0.1225270256939466,
      "mean_logw_real": -0.515182831939573,
      "mean_logw_shuffled": -0.5941285777709872,
      "shuffle_gap": 0.07894574583141412,
      "shuffle_gap_per_rung": 0.01973643645785353,
      "wall_s": 0.3523688316345215
    },
    {
      "R": 5,
      "n_hist": 600000,
      "n_all_emerged": 79631,
      "K": 79631,
      "beta": 18.365472910927462,
      "rho_joint_psmean": 0.1007325314256623,
      "rho_joint_mean": 0.08288786728517744,
      "rho_joint_max": 0.3787743067572694,
      "rho_joint_min": 0.02889931483800995,
      "rho_joint_times_R_atmax": 1.893871533786347,
      "k_eff_joint_psmean": 3.5960129846355455,
      "k_eff_joint_mean": 3.781460494779098,
      "band_reachable": true,
      "frac_in_band": 0.22088131506574074,
      "n_in_band": 17589,
      "accept_frac": 0.3696550338436036,
      "cross_delta_mean": 0.05189805164372648,
      "cross_delta_max": 0.1047869597724212,
      "mean_logw_real": -0.8682885711864131,
      "mean_logw_shuffled": -0.937493879720788,
      "shuffle_gap": 0.0692053085343749,
      "shuffle_gap_per_rung": 0.01384106170687498,
      "wall_s": 0.686079740524292
    },
    {
      "R": 6,
      "n_hist": 800000,
      "n_all_emerged": 59322,
      "K": 59322,
      "beta": 18.365472910927462,
      "rho_joint_psmean": 0.08099483631296867,
      "rho_joint_mean": 0.06712395271001664,
      "rho_joint_max": 0.2707600692379845,
      "rho_joint_min": 0.025802465497157014,
      "rho_joint_times_R_atmax": 1.624560415427907,
      "k_eff_joint_psmean": 4.306761957105887,
      "k_eff_joint_mean": 4.5184876338947495,
      "band_reachable": true,
      "frac_in_band": 0.0746097569198611,
      "n_in_band": 4426,
      "accept_frac": 0.15468123124641786,
      "cross_delta_mean": 0.043045776100735,
      "cross_delta_max": 0.08765788396173416,
      "mean_logw_real": -1.257968826454244,
      "mean_logw_shuffled": -1.3239069461076056,
      "shuffle_gap": 0.06593811965336172,
      "shuffle_gap_per_rung": 0.01098968660889362,
      "wall_s": 1.3376905918121338
    },
    {
      "R": 7,
      "n_hist": 1000000,
      "n_all_emerged": 41430,
      "K": 41430,
      "beta": 18.365472910927462,
      "rho_joint_psmean": 0.06700893417462668,
      "rho_joint_mean": 0.05659826522464521,
      "rho_joint_max": 0.30220262826842914,
      "rho_joint_min": 0.02289192003328233,
      "rho_joint_times_R_atmax": 2.115418397879004,
      "k_eff_joint_psmean": 5.032439817007856,
      "k_eff_joint_mean": 5.252281031860622,
      "band_reachable": true,
      "frac_in_band": 0.02153029205889452,
      "n_in_band": 892,
      "accept_frac": 0.05541877866280473,
      "cross_delta_mean": 0.03665331764452647,
      "cross_delta_max": 0.06778286298627574,
      "mean_logw_real": -1.6246273463279999,
      "mean_logw_shuffled": -1.6820550621780828,
      "shuffle_gap": 0.05742771585008288,
      "shuffle_gap_per_rung": 0.008203959407154697,
      "wall_s": 2.5603928565979004
    },
    {
      "R": 8,
      "n_hist": 1400000,
      "n_all_emerged": 33417,
      "K": 33417,
      "beta": 18.365472910927462,
      "rho_joint_psmean": 0.05680961969365703,
      "rho_joint_mean": 0.048982597441729996,
      "rho_joint_max": 0.20009121417985323,
      "rho_joint_min": 0.021594256193571453,
      "rho_joint_times_R_atmax": 1.6007297134388259,
      "k_eff_joint_psmean": 5.767586306632473,
      "k_eff_joint_mean": 5.985164540429272,
      "band_reachable": true,
      "frac_in_band": 0.006014902594487836,
      "n_in_band": 201,
      "accept_frac": 0.018882604662297634,
      "cross_delta_mean": 0.03186699791958854,
      "cross_delta_max": 0.059641674779547946,
      "mean_logw_real": -1.9353666891277042,
      "mean_logw_shuffled": -1.988766613511345,
      "shuffle_gap": 0.05339992438364094,
      "shuffle_gap_per_rung": 0.0066749905479551175,
      "wall_s": 5.054107427597046
    },
    {
      "R": 9,
      "n_hist": 2000000,
      "n_all_emerged": 28060,
      "K": 28060,
      "beta": 18.365472910927462,
      "rho_joint_psmean": 0.04984098538461454,
      "rho_joint_mean": 0.04367732175930966,
      "rho_joint_max": 0.1479748233988068,
      "rho_joint_min": 0.019646422433888394,
      "rho_joint_times_R_atmax": 1.3317734105892611,
      "k_eff_joint_psmean": 6.481645963452879,
      "k_eff_joint_mean": 6.699761310900602,
      "band_reachable": true,
      "frac_in_band": 0.002173913043478261,
      "n_in_band": 61,
      "accept_frac": 0.011012116892373485,
      "cross_delta_mean": 0.028176044181180245,
      "cross_delta_max": 0.05385156254348819,
      "mean_logw_real": -2.163847996880896,
      "mean_logw_shuffled": -2.213800555867525,
      "shuffle_gap": 0.04995255898662876,
      "shuffle_gap_per_rung": 0.00555028433184764,
      "wall_s": 9.678525924682617
    },
    {
      "R": 11,
      "n_hist": 4000000,
      "n_all_emerged": 20970,
      "K": 20970,
      "beta": 18.365472910927462,
      "rho_joint_psmean": 0.04018336484714052,
      "rho_joint_mean": 0.03612942798187252,
      "rho_joint_max": 0.1524852516487376,
      "rho_joint_min": 0.016969374310091954,
      "rho_joint_times_R_atmax": 1.6773377681361137,
      "k_eff_joint_psmean": 7.900766908386808,
      "k_eff_joint_mean": 8.116573784207022,
      "band_reachable": true,
      "frac_in_band": 4.768717215069146e-05,
      "n_in_band": 1,
      "accept_frac": 0.002050548402479733,
      "cross_delta_mean": 0.02249620708370602,
      "cross_delta_max": 0.04708081182987289,
      "mean_logw_real": -2.490845892416087,
      "mean_logw_shuffled": -2.5517707263127223,
      "shuffle_gap": 0.06092483389663528,
      "shuffle_gap_per_rung": 0.0055386212633304795,
      "wall_s": 31.09795832633972
    },
    {
      "R": 13,
      "n_hist": 8000000,
      "n_all_emerged": 16898,
      "K": 16898,
      "beta": 18.365472910927462,
      "rho_joint_psmean": 0.03385362202622236,
      "rho_joint_mean": 0.031041016463481036,