{
  "S1_two_pole": {
    "10": {
      "IF_chaos_s0": 0.0,
      "IF_rigidity_s1_cap": 0.7488176162235431,
      "IF_rigidity_cap_analytic": 0.7488176162235431,
      "IF_monotone_increasing": true,
      "IF_max": 0.7488176162235431,
      "LF_chaos_s0": -0.0,
      "LF_near_s1": 13.234166332351766,
      "LF_diverges": false
    },
    "100": {
      "IF_chaos_s0": 0.0,
      "IF_rigidity_s1_cap": 0.6981977714981582,
      "IF_rigidity_cap_analytic": 0.698197771498144,
      "IF_monotone_increasing": true,
      "IF_max": 0.6981977714981582,
      "LF_chaos_s0": -0.0,
      "LF_near_s1": 13.132465382601707,
      "LF_diverges": false
    },
    "1000": {
      "IF_chaos_s0": -1.1368683772161603e-13,
      "IF_rigidity_s1_cap": 0.6936476811438297,
      "IF_rigidity_cap_analytic": 0.6936476811439434,
      "IF_monotone_increasing": true,
      "IF_max": 0.6936476811438297,
      "LF_chaos_s0": -0.0,
      "LF_near_s1": 13.123364876865093,
      "LF_diverges": false
    }
  },
  "S2_saturation": {
    "klist": [
      2,
      3,
      5,
      10,
      20,
      50,
      100,
      200,
      500,
      1000,
      2000,
      5000
    ],
    "svals": [
      0.3,
      0.6,
      0.9,
      0.999
    ],
    "curves": {
      "s=0.3": {
        "keff_entropy": [
          2.0,
          2.9982448116620666,
          4.996836430259289,
          9.996127269945697,
          19.99586505171216,
          49.9957323023604,
          99.99569176334089,
          199.99567215539184,
          499.99566059808006,
          999.9956567798706,
          1999.9956548771504,
          4999.995653737557
        ],
        "keff_pr_nu": [
          2.0,
          2.666666666666667,
          3.1999999999999993,
          3.6000000000000005,
          3.800000000000002,
          3.9200000000000004,
          3.960000000000004,
          3.979999999999996,
          3.991999999999995,
          3.996,
          3.9979999999999913,
          3.999199999999997
        ],
        "dims_removed": [
          0.0,
          0.001755188337933422,
          0.003163569740711303,
          0.0038727300543026644,
          0.004134948287841667,
          0.0042676976395981114,
          0.004308236659113618,
          0.004327844608155829,
          0.004339401919935426,
          0.004343220129385372,
          0.0043451228495996475,
          0.0043462624425956164
        ],
        "I_F": [
          0.09140108305062555,
          0.06828568518363642,
          0.056961112202542186,
          0.05070146786300711,
          0.04806906099860697,
          0.04661891460973777,
          0.04615508767554388,
          0.04592667226424396,
          0.04579072189147837,
          0.045745586571001695,
          0.045723052780886064,
          0.045709543325756385
        ]
      },
      "s=0.6": {
        "keff_entropy": [
          2.0,
          2.960282034669394,
          4.937586254652752,
          9.9281504642367,
          19.925024400567647,
          49.92353294469056,
          99.92309155533799,
          199.92288062637905,
          499.92275711075587,
          999.9227164390584,
          1999.9226961963639,
          4999.922684080476
        ],
        "keff_pr_nu": [
          2.0,
          2.666666666666667,
          3.1999999999999993,
          3.6000000000000005,
          3.800000000000002,
          3.9200000000000004,
          3.960000000000004,
          3.979999999999996,
          3.991999999999995,
          3.996,
          3.9979999999999913,
          3.999199999999997
        ],
        "dims_removed": [
          0.0,
          0.03971796533060612,
          0.062413745347248195,
          0.07184953576330066,
          0.07497559943235288,
          0.07646705530944331,
          0.07690844466200986,
          0.07711937362094545,
          0.07724288924413258,
          0.07728356094162336,
          0.07730380363614131,
          0.07731591952415329
        ],
        "I_F": [
          0.38548951404351484,
          0.28414584007238286,
          0.2379150443384046,
          0.21275959823690282,
          0.20222001643426246,
          0.1964183182135102,
          0.19456294997071666,
          0.19364928100529255,
          0.19310547855155846,
          0.19292493721252413,
          0.19283480204535408,
          0.19278076422324375
        ]
      },
      "s=0.9": {
        "keff_entropy": [
          2.0,
          2.584763399968386,
          4.516958977262778,
          9.498379671803056,
          19.493626491309552,
          49.49172143594769,
          99.49121665246095,
          199.4909865379457,
          499.49085534747104,
          999.4908127435266,
          1999.4907916508605,
          4999.490779062001
        ],
        "keff_pr_nu": [
          2.0,
          2.666666666666666,
          3.2000000000000006,
          3.6000000000000005,
          3.8,
          3.9199999999999986,
          3.959999999999998,
          3.98,
          3.992,
          3.9959999999999956,
          3.9980000000000007,
          3.999199999999999
        ],
        "dims_removed": [
          0.0,
          0.4152366000316139,
          0.48304102273722194,
          0.5016203281969442,
          0.506373508690448,
          0.5082785640523113,
          0.5087833475390511,
          0.5090134620542983,
          0.5091446525289598,
          0.5091872564734103,
          0.5092083491394988,
          0.5092209379990891
        ],
        "I_F": [
          0.9892638744281455,
          0.7045887436255818,
          0.5967540180813393,
          0.5397072388312845,
          0.5159557051292598,
          0.5028977081290762,
          0.4987229026554729,
          0.49666712003144653,
          0.4954435609006964,
          0.4950373426739816,
          0.49483453852099046,
          0.4947129534184569
        ]
      },
      "s=0.999": {
        "keff_entropy": [
          2.0,
          2.015257411790597,
          4.012967424516649,
          9.012484733464065,
          19.012396288046745,
          49.012374103180015,
          99.01237091810974,
          199.0123700434455,
          499.0123697400728,
          999.0123696751874,
          1999.012369649478,
          4999.012369636198
        ],
        "keff_pr_nu": [
          2.0,
          2.6666666666666665,
          3.1999999999999997,
          3.5999999999999996,
          3.8000000000000003,
          3.92,
          3.960000000000003,
          3.979999999999998,
          3.992000000000001,
          3.995999999999995,
          3.9979999999999998,
          3.9991999999999974
        ],
        "dims_removed": [
          0.0,
          0.9847425882094032,
          0.9870325754833509,
          0.9875152665359348,
          0.9876037119532555,
          0.9876258968199849,
          0.9876290818902618,
          0.9876299565545139,
          0.9876302599271867,
          0.9876303248125851,
          0.9876303505220676,
          0.9876303638020545
        ],
        "I_F": [
          1.3776937087020258,
          0.9499219533482552,
          0.8149273444743925,
          0.7444057744884853,
          0.7151221529250424,
          0.6990312436344084,
          0.69388734898655,
          0.6913544050843825,
          0.6898468560210063,
          0.6893463544341785,
          0.6890964794240517,
          0.6889466744160018
        ]
      }
    }
  },
  "S3_extensivity": [
    {
      "k1": 11,
      "k2": 8,
      "s1": 0.8177710407756604,
      "s2": 0.7205485521961549,
      "SF_additivity_err": 3.552713678800501e-15,
      "IF_additivity_err": 2.6645352591003757e-15,
      "LF_additivity_err": 2.220446049250313e-16
    },
    {
      "k1": 10,
      "k2": 5,
      "s1": 0.34013302792898037,
      "s2": 0.7988427563170095,
      "SF_additivity_err": 0.0,
      "IF_additivity_err": 0.0,
      "LF_additivity_err": 0.0
    },
    {
      "k1": 11,
      "k2": 3,
      "s1": 0.756982734706213,
      "s2": 0.737655543001637,