{
 "25": {
  "z": 3.008131071630377,
  "a": 0.24949283896377986,
  "n_kept": 72247,
  "chunks": 33,
  "counts": {
   "1e10": 72247,
   "2e10": 35929,
   "3e10": 23529,
   "5e10": 13475,
   "1e11": 6227,
   "2e11": 2745,
   "5e11": 810,
   "1e12": 262
  }
 },
 "30": {
  "z": 2.3161107439568918,
  "a": 0.30155808331261197,
  "n_kept": 82362,
  "chunks": 46,
  "counts": {
   "1e10": 82362,
   "2e10": 42959,
   "3e10": 29084,
   "5e10": 17721,
   "1e11": 8811,
   "2e11": 4153,
   "5e11": 1417,
   "1e12": 546
  }
 },
 "36": {
  "z": 1.7435705743308647,
  "a": 0.3644885279628326,
  "n_kept": 87028,
  "chunks": 66,
  "counts": {
   "1e10": 87028,
   "2e10": 46823,
   "3e10": 32425,
   "5e10": 20449,
   "1e11": 10631,
   "2e11": 5416,
   "5e11": 1977,
   "1e12": 891
  }
 },
 "42": {
  "z": 1.3575766674029972,
  "a": 0.42416436072959446,
  "n_kept": 88193,
  "chunks": 87,
  "counts": {
   "1e10": 88193,
   "2e10": 48121,
   "3e10": 33758,
   "5e10": 21505,
   "1e11": 11526,
   "2e11": 5991,
   "5e11": 2350,
   "1e12": 1114
  }
 },
 "49": {
  "z": 1.035510445664141,
  "a": 0.4912772627279358,
  "n_kept": 87162,
  "chunks": 103,
  "counts": {
   "1e10": 87162,
   "2e10": 47955,
   "3e10": 33716,
   "5e10": 21666,
   "1e11": 11889,
   "2e11": 6328,
   "5e11": 2618,
   "1e12": 1271
  }
 },
 "56": {
  "z": 0.7910682489463392,
  "a": 0.5583260161014446,
  "n_kept": 85372,
  "chunks": 116,
  "counts": {
   "1e10": 85372,
   "2e10": 47257,
   "3e10": 33657,
   "5e10": 21672,
   "1e11": 11984,
   "2e11": 6425,
   "5e11": 2740,
   "1e12": 1356
  }
 },
 "65": {
  "z": 0.5463921831410221,
  "a": 0.6466664866145445,
  "n_kept": 82699,
  "chunks": 141,
  "counts": {
   "1e10": 82699,
   "2e10": 45937,
   "3e10": 32897,
   "5e10": 21426,
   "1e11": 11808,
   "2e11": 6420,
   "5e11": 2740,
   "1e12": 1388
  }
 },
 "76": {
  "z": 0.32882972420595435,
  "a": 0.7525418658117033,
  "n_kept": 79130,
  "chunks": 158,
  "counts": {
   "1e10": 79130,
   "2e10": 44125,
   "3e10": 31714,
   "5e10": 20685,
   "1e11": 11448,
   "2e11": 6194,
   "5e11": 2664,
   "1e12": 1335
  }
 },
 "87": {
  "z": 0.15274876890238098,
  "a": 0.8674917093619414,
  "n_kept": 75517,
  "chunks": 172,
  "counts": {
   "1e10": 75517,
   "2e10": 42289,
   "3e10": 30524,
   "5e10": 19974,
   "1e11": 11009,
   "2e11": 6032,
   "5e11": 2622,
   "1e12": 1297
  }
 },
 "99": {
  "z": 2.220446049250313e-16,
  "a": 0.9999999999999998,
  "n_kept": 72224,
  "chunks": 189,
  "counts": {
   "1e10": 72224,
   "2e10": 40594,
   "3e10": 29342,
   "5e10": 19291,
   "1e11": 10537,
   "2e11": 5806,
   "5e11": 2531,
   "1e12": 1243
  }
 }
}