{
  "THCA": {
    "healthy": {
      "label": "healthy",
      "m_samples": 59,
      "n_pathways": 50,
      "W_n_raw": 0.3276127932295047,
      "W_n": 0.3094868501600048,
      "W_np1_raw": 0.6473622335117776,
      "W_np1": 0.6389814067883506,
      "W_within": 0.444698035635121,
      "tau_raw": 0.9323377962390773,
      "tau_floor": 0.058283046165016596,
      "tau_debiased": 0.8740547500740607,
      "tau_scramble": 0.2964318672313485,
      "tau_corrected": 0.5776228828427122,
      "q_pca": 8,
      "tau_noise_dominated": false,
      "ratio": 1.298910353893844
    },
    "tumour": {
      "label": "tumour",
      "m_samples": 60,
      "n_pathways": 50,
      "W_n_raw": 0.3459198891423298,
      "W_n": 0.3283859086447134,
      "W_np1_raw": 0.8151294129241964,
      "W_np1": 0.8087833423571159,
      "W_within": 0.5153572089111104,
      "tau_raw": 0.7479701271138726,
      "tau_floor": 0.055249950354518844,
      "tau_debiased": 0.6927201767593537,
      "tau_scramble": 0.2838403526328921,
      "tau_corrected": 0.4088798241264616,
      "q_pca": 8,
      "tau_noise_dominated": false,
      "ratio": 0.7933911024362635
    }
  },
  "LUSC": {
    "healthy": {
      "label": "healthy",
      "m_samples": 51,
      "n_pathways": 50,
      "W_n_raw": 0.26284202409077645,
      "W_n": 0.2355013276818162,
      "W_np1_raw": 0.6404982100181782,
      "W_np1": 0.6307236778647651,
      "W_within": 0.38540402636390597,
      "tau_raw": 0.9242024230285564,
      "tau_floor": 0.06587355350414702,
      "tau_debiased": 0.8583288695244093,
      "tau_scramble": 0.2911112843695829,
      "tau_corrected": 0.5672175851548265,
      "q_pca": 8,
      "tau_noise_dominated": false,
      "ratio": 1.4717479485262268
    },
    "tumour": {
      "label": "tumour",
      "m_samples": 60,
      "n_pathways": 50,
      "W_n_raw": 0.21561922084843257,
      "W_n": 0.18631488195617116,
      "W_np1_raw": 0.5299631849626896,
      "W_np1": 0.5201561900178543,
      "W_within": 0.31130827027553937,
      "tau_raw": 0.7137925693408473,
      "tau_floor": 0.05317860434123878,
      "tau_debiased": 0.6606139649996086,
      "tau_scramble": 0.21650035265998724,
      "tau_corrected": 0.4441136123396213,
      "q_pca": 8,
      "tau_noise_dominated": false,
      "ratio": 1.4266039638026184
    }
  },
  "LIHC": {
    "healthy": {
      "label": "healthy",
      "m_samples": 50,
      "n_pathways": 50,
      "W_n_raw": 0.3336174689411993,
      "W_n": 0.3118282588550446,
      "W_np1_raw": 0.8380660220009293,
      "W_np1": 0.8303560572365752,
      "W_within": 0.5088501582566533,
      "tau_raw": 0.8004375811433592,
      "tau_floor": 0.06804029491945274,
      "tau_debiased": 0.7323972862239064,
      "tau_scramble": 0.2448624785746602,
      "tau_corrected": 0.4875348076492462,
      "q_pca": 8,
      "tau_noise_dominated": false,
      "ratio": 0.958110751737929
    },
    "tumour": {
      "label": "tumour",
      "m_samples": 60,
      "n_pathways": 50,
      "W_n_raw": 0.2923340617139593,
      "W_n": 0.2715565565503059,
      "W_np1_raw": 0.7170957181948826,
      "W_np1": 0.709314990427062,
      "W_within": 0.43888396679519537,
      "tau_raw": 0.8195345128922068,
      "tau_floor": 0.055808519832688,
      "tau_debiased": 0.7637259930595188,
      "tau_scramble": 0.2584682290823057,
      "tau_corrected": 0.5052577639772131,
      "q_pca": 8,
      "tau_noise_dominated": false,
      "ratio": 1.151233132681265
    }
  },
  "HNSC": {
    "healthy": {
      "label": "healthy",
      "m_samples": 44,
      "n_pathways": 50,
      "W_n_raw": 0.3478004400354439,
      "W_n": 0.3243978390691749,
      "W_np1_raw": 0.7259274183230655,
      "W_np1": 0.7159215886783932,
      "W_within": 0.4819163997108227,
      "tau_raw": 0.8658000365927433,
      "tau_floor": 0.0669226678941333,
      "tau_debiased": 0.79887736869861,
      "tau_scramble": 0.34911554251820476,
      "tau_corrected": 0.4497618261804053,
      "q_pca": 7,
      "tau_noise_dominated": false,
      "ratio": 0.9332776939118238
    },
    "tumour": {
      "label": "tumour",
      "m_samples": 60,
      "n_pathways": 50,
      "W_n_raw": 0.27439831975780044,
      "W_n": 0.25232945145533475,
      "W_np1_raw": 0.7340369927960048,
      "W_np1": 0.7262579683927656,
      "W_within": 0.42808442482717396,
      "tau_raw": 0.8639291593255549,
      "tau_floor": 0.054901065751156095,
      "tau_debiased": 0.8090280935743989,
      "tau_scramble": 0.258951442565722,
      "tau_corrected": 0.5500766510086769,
      "q_pca": 8,
      "tau_noise_dominated": false,
      "ratio": 1.2849723538312647
    }
  },
  "STAD": {
    "healthy": {
      "label": "healthy",
      "m_samples": 36,
      "n_pathways": 50,
      "W_n_raw": 0.3845221423648972,
      "W_n": 0.3592750167763266,
      "W_np1_raw": 0.709334718996085,
      "W_np1": 0.6962802194419342,
      "W_within": 0.5001560631653137,
      "tau_raw": 1.0550060530541263,
      "tau_floor": 0.07527649192955377,
      "tau_debiased": 0.9797295611245725,
      "tau_scramble": 0.365670541655859,
      "tau_corrected": 0.6140590194687136,
      "q_pca": 6,
      "tau_noise_dominated": false,
      "ratio": 1.227734830569778
    },
    "tumour": {
      "label": "tumour",
      "m_samples": 60,
      "n_pathways": 50,
      "W_n_raw": 0.2675820455986615,
      "W_n": 0.24423703295522825,
      "W_np1_raw": 0.6722347882945419,
      "W_np1": 0.6646857253949676,
      "W_within": 0.40291546187526794,
      "tau_raw": 0.8586243604742214,
      "tau_floor": 0.05568117783648906,
      "tau_debiased": 0.8029431826377323,
      "tau_scramble": 0.19898870223903456,
      "tau_corrected": 0.6039544803986978,
      "q_pca": 8,
      "tau_noise_dominated": false,
      "ratio": 1.4989607933826732
    }
  },
  "KIRP": {
    "healthy": {
      "label": "healthy",
      "m_samples": 32,
      "n_pathways": 50,
      "W_n_raw": 0.4010066664994134,
      "W_n": 0.37282537725587855,
      "W_np1_raw": 0.8275324580964946,
      "W_np1": 0.8148072796752025,
      "W_within": 0.5511631622629941,
      "tau_raw": 1.0112145412880382,
      "tau_floor": 0.06798292800842927,
      "tau_debiased": 0.9432316132796089,
      "tau_scramble": 0.35550739853626223,
      "tau_corrected": 0.5877242147433467,
      "q_pca": 5,
      "tau_noise_dominated": false,
      "ratio": 1.0663343542958101
    },
    "tumour": {
      "label": "tumour",
      "m_samples": 60,
      "n_pathways": 50,
      "W_n_raw": 0.3209858977720911,
      "W_n": 0.30224008280152126,
      "W_np1_raw": 0.8223717233372324,
      "W_np1": 0.8154021688763131,
      "W_within": 0.49643450629233754,
      "tau_raw": 0.834089771106553,
      "tau_floor": 0.05773930000078602,
      "tau_debiased": 0.776350471105767,
      "tau_scramble": 0.2915753337043121,
      "tau_corrected": 0.48477513740145495,
      "q_pca": 8,
      "tau_noise_dominated": false,
      "ratio": 0.9765137822953494
    }
  }
}