{
  "meta": {
    "seed": 17,
    "J": 1.0,
    "lambda_main": 0.002,
    "gj_grid": [
      0.1,
      0.2,
      0.35,
      0.5,
      0.75,
      1.0,
      1.5,
      2.0,
      3.0,
      4.0
    ],
    "t_meas": 0.7,
    "t_f": 1.6,
    "n_pointer": 256,
    "pre_rho": 0.26,
    "post_rho": 0.3,
    "corridor": [
      0.17,
      0.35
    ],
    "commutator_value": [
      -2.2070289801573802e-17,
      0.9999999999999988
    ],
    "commutator_bulk_dev": 1.0777341519477814,
    "var_p_initial": 232.19954648533655
  },
  "cells": {
    "gj_0.10": {
      "ok": true,
      "gj_set": 0.1,
      "g": 0.1,
      "J": 1.0,
      "weak_value_re": 0.22206189952167096,
      "weak_value_im": -0.17026480448386713,
      "abl_overlap": 0.9980658740538612,
      "dQ_measured": 0.0004812008989488869,
      "dQ_measured_im": 3.588569173495727e-20,
      "dP_measured": 0.15245660305676767,
      "dP_measured_im": 1.7871031873925646e-15,
      "aav_dQ_predicted": 0.00044412379904334195,
      "aav_dP_predicted": -0.1581416415342738,
      "var_p": 232.19954648533655,
      "rho_n_post": 0.189378532911719,
      "rho_n_bare": 0.1894961948712997,
      "backaction": 0.00011766195958071157,
      "wall_s": 0.019959211349487305
    },
    "gj_0.20": {
      "ok": true,
      "gj_set": 0.2,
      "g": 0.2,
      "J": 1.0,
      "weak_value_re": 0.2512269512705089,
      "weak_value_im": -0.10502962006568371,
      "abl_overlap": 0.9985835458537929,
      "dQ_measured": 0.000514964622587117,
      "dQ_measured_im": -6.713097703091003e-19,
      "dP_measured": 0.09142829063218215,
      "dP_measured_im": -4.429393101596175e-15,
      "aav_dQ_predicted": 0.0005024539025410179,
      "aav_dP_predicted": -0.09755132058711585,
      "var_p": 232.19954648533655,
      "rho_n_post": 0.1898179106349402,
      "rho_n_bare": 0.18998416654257042,
      "backaction": 0.00016625590763022502,
      "wall_s": 0.0028481483459472656
    },
    "gj_0.35": {
      "ok": true,
      "gj_set": 0.35,
      "g": 0.35,
      "J": 1.0,
      "weak_value_re": 0.29570258456818493,
      "weak_value_im": -0.011177835152921789,
      "abl_overlap": 0.9988480946225837,
      "dQ_measured": 0.0005905255608038076,
      "dQ_measured_im": -2.1859548834196425e-19,
      "dP_measured": 0.014612432771810355,
      "dP_measured_im": -3.5395274030206524e-15,
      "aav_dQ_predicted": 0.0005914051691363699,
      "aav_dP_predicted": -0.010381953012785168,
      "var_p": 232.19954648533655,
      "rho_n_post": 0.29699275492545724,
      "rho_n_bare": 0.29737740157921777,
      "backaction": 0.0003846466537605342,
      "wall_s": 0.0032117366790771484
    },
    "gj_0.50": {
      "ok": true,
      "gj_set": 0.5,
      "g": 0.5,
      "J": 1.0,
      "weak_value_re": 0.3395297261690184,
      "weak_value_im": 0.07370339103081301,
      "abl_overlap": 0.9985001828894695,
      "dQ_measured": 0.000697668434321605,
      "dQ_measured_im": 2.5058992473232144e-19,
      "dP_measured": -0.04474690066243561,
      "dP_measured_im": 4.456472770068029e-15,
      "aav_dQ_predicted": 0.0006790594523380368,
      "aav_dP_predicted": 0.0684555758871448,
      "var_p": 232.19954648533655,
      "rho_n_post": 0.40659758228559484,
      "rho_n_bare": 0.40713795770216904,
      "backaction": 0.0005403754165742014,
      "wall_s": 0.0028281211853027344
    },
    "gj_0.75": {
      "ok": true,
      "gj_set": 0.75,
      "g": 0.75,
      "J": 1.0,
      "weak_value_re": 0.4062375505134883,
      "weak_value_im": 0.18441690382627016,
      "abl_overlap": 0.9965682490488883,
      "dQ_measured": 0.0009386776293611333,
      "dQ_measured_im": -4.75270060370227e-20,
      "dP_measured": -0.09113280567726599,
      "dP_measured_im": 1.7973257050995846e-15,
      "aav_dQ_predicted": 0.0008124751010269766,
      "aav_dP_predicted": 0.17128608573075943,
      "var_p": 232.19954648533655,
      "rho_n_post": 0.4927283992409017,
      "rho_n_bare": 0.49331077430880194,
      "backaction": 0.0005823750679002093,
      "wall_s": 0.0026984214782714844
    },
    "gj_1.00": {
      "ok": true,
      "gj_set": 1.0,
      "g": 1.0,
      "J": 1.0,
      "weak_value_re": 0.4580226942634277,
      "weak_value_im": 0.24550426150579813,
      "abl_overlap": 0.9929652152102216,
      "dQ_measured": 0.0011709064591508955,
      "dQ_measured_im": -1.7850255071854458e-19,
      "dP_measured": -0.04479418342763609,
      "dP_measured_im": 1.8025188208512777e-15,
      "aav_dQ_predicted": 0.0009160453885268554,
      "aav_dP_predicted": 0.22802391272745517,
      "var_p": 232.19954648533655,
      "rho_n_post": 0.4988831942954226,
      "rho_n_bare": 0.49932332951571534,
      "backaction": 0.00044013522029273666,
      "wall_s": 0.0026006698608398438
    },
    "gj_1.50": {
      "ok": true,
      "gj_set": 1.5,
      "g": 1.5,
      "J": 1.0,
      "weak_value_re": 0.49273417233075484,
      "weak_value_im": 0.20646217637034647,
      "abl_overlap": 0.9808724695348171,
      "dQ_measured": 0.001081530444110258,
      "dQ_measured_im": 3.354674994446984e-19,
      "dP_measured": 0.13368617904694974,
      "dP_measured_im": 9.123429199339629e-16,
      "aav_dQ_predicted": 0.0009854683446615096,
      "aav_dP_predicted": 0.19176169487828007,
      "var_p": 232.19954648533655,
      "rho_n_post": 0.4462974020234247,
      "rho_n_bare": 0.44652776127382465,
      "backaction": 0.00023035925039993632,
      "wall_s": 0.0025854110717773438
    },
    "gj_2.00": {
      "ok": true,
      "gj_set": 2.0,
      "g": 2.0,
      "J": 1.0,
      "weak_value_re": 0.4283367265842384,
      "weak_value_im": 0.016501064724064447,
      "abl_overlap": 0.9625618921650613,
      "dQ_measured": 0.0008041768817566072,
      "dQ_measured_im": -9.571454905774952e-21,
      "dP_measured": 0.0964435127349712,
      "dP_measured_im": -4.42293008587283e-15,
      "aav_dQ_predicted": 0.0008566734531684768,
      "aav_dP_predicted": 0.015326158981811798,
      "var_p": 232.19954648533655,
      "rho_n_post": 0.28545319186829726,
      "rho_n_bare": 0.28554533222496103,
      "backaction": 9.21403566637724e-05,
      "wall_s": 0.00254058837890625
    },
    "gj_3.00": {
      "ok": true,
      "gj_set": 3.0,
      "g": 3.0,
      "J": 1.0,
      "weak_value_re": 0.23651854490324653,
      "weak_value_im": -0.20220210833557378,
      "abl_overlap": 0.9093757734123042,
      "dQ_measured": 0.0008027885971480572,
      "dQ_measured_im": 3.099720600564897e-19,
      "dP_measured": 0.05238959249837842,
      "dP_measured_im": 9.06108693631893e-16,
      "aav_dQ_predicted": 0.00047303708980649307,
      "aav_dP_predicted": -0.1878049514155965,
      "var_p": 232.19954648533655,
      "rho_n_post": 0.3981935715677423,
      "rho_n_bare": 0.39838358559279713,
      "backaction": 0.0001900140250548077,
      "wall_s": 0.0025544166564941406
    },
    "gj_4.00": {
      "ok": true,
      "gj_set": 4.0,
      "g": 4.0,
      "J": 1.0,
      "weak_value_re": 0.483740539906711,
      "weak_value_im": 0.27398173892959726,
      "abl_overlap": 0.8392050713451803,
      "dQ_measured": 0.0006935890748996851,
      "dQ_measured_im": -1.0957885524772025e-20,
      "dP_measured": -0.2955585323461648,
      "dP_measured_im": 9.036771160405342e-16,
      "aav_dQ_predicted": 0.000967481079813422,
      "aav_dP_predicted": 0.2544737420988655,
      "var_p": 232.19954648533655,
      "rho_n_post": 0.29184060282911256,
      "rho_n_bare": 0.2922319650409067,
      "backaction": 0.000391362211794144,
      "wall_s": 0.002625703811645508
    }
  },
  "lambda_sweep": {
    "lam_0.0005": {
      "ok": true,
      "lam": 0.0005,
      "rho_n_post": 0.49929579945036673,
      "rho_n_bare": 0.49932332951571534,
      "backaction": 2.7530065348613242e-05,
      "in_corridor": false,
      "bare_in_corridor": false,
      "dP": -0.011201912876814137,
      "dQ": 0.00029281462767361856
    },
    "lam_0.0010": {
      "ok": true,
      "lam": 0.001,
      "rho_n_post": 0.49921322655317274,