{
  "w_today_framework": -0.8332054965762253,
  "w_of_a_grid": {
    "a": [
      0.24949283896377986,
      0.30155808331261197,
      0.3644885279628326,
      0.42416436072959446,
      0.4912772627279358,
      0.5583260161014446,
      0.6466664866145445,
      0.7525418658117033,
      0.8674917093619414,
      0.9999999999999998
    ],
    "w": [
      -2.770794005791042,
      -2.1637706009618185,
      -1.6951856553268816,
      -1.4417867826897328,
      -1.2812546009081107,
      -1.1294496929087534,
      -0.9817152633860764,
      -0.9301099228540725,
      -0.8993549170220928,
      -0.8332054965762254
    ]
  },
  "matched_Om_0.3153": {
    "net_decay_0_to_zhi": 0.9921194245863066,
    "broad_tomographic_0_2": 1.017207338472038,
    "gauss_zeff0.5": 1.0547248720532056,
    "_note_net": "net_decay ratio == [P_fw(0)-P_fw(zhi)]/[P_lc(0)-P_lc(zhi)]",
    "D0_over_early_fw": 0.7138751857416262,
    "D0_over_early_lcdm": 0.7091497843207465
  },
  "each_own_jointfit_Om": {
    "net_decay_0_to_zhi": 0.9330607189286596,
    "broad_tomographic_0_2": 0.9579002474546506,
    "gauss_zeff0.5": 0.9948142112468151,
    "_note_net": "net_decay ratio == [P_fw(0)-P_fw(zhi)]/[P_lc(0)-P_lc(zhi)]",
    "D0_over_early_fw": 0.7143645000776944,
    "D0_over_early_lcdm": 0.6960959151386152
  },
  "published_A_ISW": {
    "unWISE_x_Planck_2110.13959": [
      0.96,
      0.3
    ],
    "RACS_ASKAP_2204.13436": [
      0.94,
      0.42
    ],
    "earlier_concordance": [
      1.14,
      0.38
    ],
    "note": "A_ISW measured relative to LCDM template; consistent with 1.0+/-0.3"
  }
}