{
  "part1_xv_copula": {
    "S_sheet_1d": 5.982566159034512,
    "S_thermal_1d": 9.056230467985963e-06,
    "S_sheet_3d": 18.00588847109085,
    "S_thermal_3d": 0.001040403609288391,
    "corr_xv_sheet": 0.998738031096717,
    "corr_xv_thermal": -0.0030093503385246255
  },
  "part2_bulk_invariance": {
    "S_sheet_vbulk": {
      "0.0": 5.995658825866886,
      "4500.0": 6.030241043272218,
      "1000000.0": 5.992599019594127
    },
    "S_sheet_velocity_component_grain": 0.0002703544243589075,
    "S_thermal_velocity_component_grain": 1.4202804421092394e-05
  },
  "part3_robustness_thickness": {
    "0.01": 9.216046573854328,
    "0.05": 5.977187097880092,
    "0.2": 3.2618577850986563,
    "0.5": 1.5976549759312513,
    "1.0": 0.7090433402732774,
    "2.0": 0.22257591756058506
  },
  "part4_dwarf_pair": {
    "S_segue": 0.0008545335096184401,
    "S_df2": 0.0009451462821071205
  },
  "part5_Q": {
    "Q_sheet": 0.6328851089740092,
    "Q_thermal": 0.16152703852440117,
    "ratio": 3.918137265163826
  },
  "part6_bullet": {
    "S_galaxies": 0.7787847070129427,
    "S_galaxies_bulk_boosted": 0.7787847070127963,
    "S_gas_preshock": 0.7779304068374658,
    "S_gas_postshock": 0.0037230245838126
  }
}