{
  "timestamp_start": "2026-05-21T21:02:18.392943+00:00",
  "instrument": "CIRISArray exp51 PhysicsTestSensor, block-resolved, RTX 4090, CuPy",
  "caveat": "a CIRISArray block pair is a WITHIN-INSTRUMENT structure, NOT a framework Ph0..A5 coordinated rung pair; this is a measurability-and-reliability anchor, not a sixth rung-pair datum",
  "params": {
    "n_ossicles": 2048,
    "n_oscillators": 131072,
    "n_blocks": 2,
    "n_subblocks": 8,
    "duration_sec": 120.0,
    "sample_rate_hz": 10.0,
    "window_sec": 5.0,
    "n_runs": 3,
    "n_shuffle": 50,
    "block_shuf": 16,
    "gate_G1_sec": 15.0,
    "seed": 17
  },
  "runs": [
    {
      "run": 0,
      "keff_means": [
        0.12128779947993622,
        0.1218198998333708
      ],
      "keff_stds": [
        0.03866849364476403,
        0.03814359577908034
      ],
      "relax_block0": {
        "r_start": 0.9983556392287096,
        "r_end": 0.46871658311275294,
        "r_drop": 0.5296390561159567,
        "converged": true,
        "r_inf": 0.38114911683600894,
        "r_inf_err": 0.4177540839172387,
        "A": 0.7335298257487272,
        "A_err": 0.4038800238187937,
        "tau": 199.99999999999991,
        "tau_err": 152.23571344194133,
        "R2": 0.2399502440977408
      },
      "relax_block1": {
        "r_start": 0.9974474994046744,
        "r_end": -0.5000114196878681,
        "r_drop": 1.4974589190925425,
        "converged": true,
        "r_inf": 7.259248799212927e-16,
        "r_inf_err": 0.6614601883879406,
        "A": 1.2082454495033281,
        "A_err": 0.6329191474423727,
        "tau": 175.39616062870456,
        "tau_err": 133.44765221431146,
        "R2": 0.2240999722152368
      },
      "tau_block": [
        199.99999999999991,
        175.39616062870456
      ],
      "J_block0": 0.005000000000000002,
      "J_block1": 0.00570137907475008,
      "J_within": 0.005339184897880051,
      "g": {
        "dir_0to1": {
          "g_raw": 0.010752785804212905,
          "g_floor": 0.0018899034273575643,
          "g": 0.008862882376855341,
          "g_noise_dominated": false
        },
        "dir_1to0": {
          "g_raw": 0.0005126563073608592,
          "g_floor": 0.0020876623320547627,
          "g": 0.0,
          "g_noise_dominated": true
        },
        "g": 0.0044314411884276705,
        "g_raw": 0.005632721055786882,
        "g_floor": 0.0019887828797061635,
        "g_noise_dominated": false
      },
      "g_rate_per_sec": 0.04441289128411521,
      "timescale_gj": 8.318290550632469,
      "coupling_ratio": {
        "W_0": 0.9989347870189803,
        "W_1": 0.9985104694474894,
        "W_within": 0.9987226056987746,
        "tau_MI_raw": 0.4124647351683521,
        "tau_MI": 0.4101066337261068,
        "coupling_ratio_gj": 0.4106311716446712
      }
    },
    {
      "run": 1,
      "keff_means": [
        0.12164106916947343,
        0.12161216051698229
      ],
      "keff_stds": [
        0.03898048177929099,
        0.03819095183731415
      ],
      "relax_block0": {
        "r_start": 0.9976073587644406,
        "r_end": -0.3919821338297771,
        "r_drop": 1.3895894925942178,
        "converged": true,
        "r_inf": 0.16627471969728314,
        "r_inf_err": 0.5351880969123002,
        "A": 0.9853677408596405,
        "A_err": 0.5174073188299917,
        "tau": 199.99999999955583,
        "tau_err": 145.19293888204265,
        "R2": 0.2575696003062081
      },
      "relax_block1": {
        "r_start": 0.9959098268983425,
        "r_end": 0.48816632268962046,
        "r_drop": 0.507743504208722,
        "converged": true,
        "r_inf": 3.959441195040024e-15,
        "r_inf_err": 0.434069460309249,
        "A": 1.2649099683151324,
        "A_err": 0.4034588253946763,
        "tau": 136.74262234742199,
        "tau_err": 71.23050680258494,
        "R2": 0.2824394665262676
      },
      "tau_block": [
        199.99999999955583,
        136.74262234742199
      ],
      "J_block0": 0.005000000000011104,
      "J_block1": 0.007313008795891744,
      "J_within": 0.006046903668782886,
      "g": {
        "dir_0to1": {
          "g_raw": 0.0032798869688795973,
          "g_floor": 0.0018008377567997492,
          "g": 0.0014790492120798481,
          "g_noise_dominated": false
        },
        "dir_1to0": {
          "g_raw": 0.017713974114423214,
          "g_floor": 0.0015176870716408209,
          "g": 0.016196287042782392,
          "g_noise_dominated": false
        },
        "g": 0.008837668127431121,
        "g_raw": 0.010496930541651406,
        "g_floor": 0.0016592624142202851,
        "g_noise_dominated": false
      },
      "g_rate_per_sec": 0.08876951939189551,
      "timescale_gj": 14.680160997134411,
      "coupling_ratio": {
        "W_0": 0.9988782760308584,
        "W_1": 0.9988345514258374,
        "W_within": 0.9988564134890942,
        "tau_MI_raw": 0.44274451862331493,
        "tau_MI": 0.44039533410710624,
        "coupling_ratio_gj": 0.44089954087471517
      }
    },
    {
      "run": 2,
      "keff_means": [
        0.12122505613611428,
        0.12214189515333511
      ],
      "keff_stds": [
        0.038786657107066774,
        0.03830912211147459
      ],
      "relax_block0": {
        "r_start": 0.9962770143162084,
        "r_end": 0.350159094165072,
        "r_drop": 0.6461179201511364,
        "converged": true,
        "r_inf": 5.4636657603251764e-12,
        "r_inf_err": 0.6488050541746515,
        "A": 1.196174438404377,
        "A_err": 0.623990915953599,
        "tau": 186.45955903980155,
        "tau_err": 137.96445373901787,
        "R2": 0.25317859806207577
      },
      "relax_block1": {
        "r_start": 0.9945053174231138,
        "r_end": -0.3279682913879417,
        "r_drop": 1.3224736088110554,
        "converged": true,
        "r_inf": 0.36165007532491367,
        "r_inf_err": 0.4122184093450463,
        "A": 0.7525612299619008,
        "A_err": 0.3985118492388608,
        "tau": 199.99999999999983,
        "tau_err": 146.44411076454287,
        "R2": 0.2541892864098856
      },
      "tau_block": [
        186.45955903980155,
        199.99999999999983
      ],
      "J_block0": 0.005363093236676273,
      "J_block1": 0.0050000000000000044,
      "J_within": 0.005178365203747356,
      "g": {
        "dir_0to1": {
          "g_raw": 0.0016650944277528668,
          "g_floor": 0.0028116548437930144,
          "g": 0.0,
          "g_noise_dominated": true
        },
        "dir_1to0": {
          "g_raw": 0.0004902853944330765,
          "g_floor": 0.001746279438592646,
          "g": 0.0,
          "g_noise_dominated": true
        },
        "g": 0.0,
        "g_raw": 0.0010776899110929716,
        "g_floor": 0.0022789671411928302,
        "g_noise_dominated": true
      },
      "g_rate_per_sec": 0.0,
      "timescale_gj": 0.0,
      "coupling_ratio": {
        "W_0": 0.9986804411768633,
        "W_1": 0.9989256009230136,
        "W_within": 0.9988030135280223,
        "tau_MI_raw": 0.39798831654386563,
        "tau_MI": 0.39562737911079077,
        "coupling_ratio_gj": 0.3961015072565068
      }
    }
  ],
  "summary": {
    "gates": {
      "G1_window_domination": true,
      "G2_real_fit": false,
      "G3_reproducible": true,
      "G4_g_not_noise": true
    },
    "all_gates_pass": false,
    "verdict": "FIT-FAILURE NULL",
    "J_within_per_sec": [
      0.005339184897880051,
      0.006046903668782886,
      0.005178365203747356
    ],
    "tau_block0_sec": [
      199.99999999999991,
      199.99999999955583,
      186.45955903980155
    ],
    "tau_block1_sec": [
      175.39616062870456,
      136.74262234742199,
      199.99999999999983
    ],
    "timescale_gj_per_run": [
      8.318290550632469,
      14.680160997134411,
      0.0
    ],
    "timescale_gj_mean": 7.666150515922293,
    "timescale_gj_sd": 7.361776055687951,
    "coupling_ratio_gj_per_run": [
      0.4106311716446712,
      0.44089954087471517,
      0.3961015072565068
    ],