{
  "meta": {
    "seed": 20260522,
    "beta_pin": 18.365472910927462,
    "rho_lower": 0.1,
    "rho_upper": 0.43,
    "rho_mid": 0.265,
    "w_half": 0.16499999999999998,
    "accel_ratio": 0.7,
    "alpha0": 0.02,
    "alpha_rho": 0.025,
    "kgain_mean": 0.12,
    "kgain_sd": 0.05,
    "target_mean": 0.265,
    "target_sd": 0.22,
    "m_base": 0.026625000000000003,
    "m_noise_sd": 0.01,
    "elapsed_s": 1589.8254463672638
  },
  "results": [
    {
      "R": 2,
      "n_hist": 400000,
      "beta": 18.365472910927462,
      "T_total": 22,
      "Z_joint": 0.2528369419890603,
      "frac_all_emerged": 0.6499075,
      "n_all_emerged": 259963,
      "f_joint": 0.303355,
      "f_fact": 0.293855,
      "f_flat": 0.36092,
      "n_accept_joint": 121342,
      "n_accept_fact": 117542,
      "n_accept_flat": 144368,
      "selectivity_ratio": 0.8405048210129668,
      "kl_joint_fact": 0.0016875120180018166,
      "joint_vs_fact_logZ": 0.013830770227584166,
      "wall_s": 0.32105207443237305
    },
    {
      "R": 3,
      "n_hist": 400000,
      "beta": 18.365472910927462,
      "T_total": 33,
      "Z_joint": 0.09754659812405304,
      "frac_all_emerged": 0.4047775,
      "n_all_emerged": 161911,
      "f_joint": 0.0945675,
      "f_fact": 0.091865,
      "f_flat": 0.1588375,
      "n_accept_joint": 37827,
      "n_accept_fact": 36746,
      "n_accept_flat": 63535,
      "selectivity_ratio": 0.5953726292594633,
      "kl_joint_fact": 0.9643330554739248,
      "joint_vs_fact_logZ": 0.040719817621587495,
      "wall_s": 0.1845264434814453
    },
    {
      "R": 4,
      "n_hist": 400000,
      "beta": 18.365472910927462,
      "T_total": 49,
      "Z_joint": 0.03551692783157623,
      "frac_all_emerged": 0.2356325,
      "n_all_emerged": 94253,
      "f_joint": 0.026925,
      "f_fact": 0.027245,
      "f_flat": 0.061015,
      "n_accept_joint": 10770,
      "n_accept_fact": 10898,
      "n_accept_flat": 24406,
      "selectivity_ratio": 0.44128492993526186,
      "kl_joint_fact": 2.0400142218449195,
      "joint_vs_fact_logZ": 0.04523735435484788,
      "wall_s": 0.29624032974243164
    },
    {
      "R": 5,
      "n_hist": 400000,
      "beta": 18.365472910927462,
      "T_total": 72,
      "Z_joint": 0.01269667849156552,
      "frac_all_emerged": 0.1327825,
      "n_all_emerged": 53113,
      "f_joint": 0.0071875,
      "f_fact": 0.0069275,
      "f_flat": 0.0208025,
      "n_accept_joint": 2875,
      "n_accept_fact": 2771,
      "n_accept_flat": 8321,
      "selectivity_ratio": 0.34551135680807593,
      "kl_joint_fact": 3.3348332290769234,
      "joint_vs_fact_logZ": 0.06357010410614139,
      "wall_s": 0.4562184810638428
    },
    {
      "R": 6,
      "n_hist": 600000,
      "beta": 18.365472910927462,
      "T_total": 105,
      "Z_joint": 0.004484375868273845,
      "frac_all_emerged": 0.07424333333333333,
      "n_all_emerged": 44546,
      "f_joint": 0.0022166666666666667,
      "f_fact": 0.0021116666666666666,
      "f_flat": 0.00731,
      "n_accept_joint": 1330,
      "n_accept_fact": 1267,
      "n_accept_flat": 4386,
      "selectivity_ratio": 0.3032375740994072,
      "kl_joint_fact": 4.780119352142163,
      "joint_vs_fact_logZ": 0.0847077394328184,
      "wall_s": 1.0599384307861328
    },
    {
      "R": 7,
      "n_hist": 800000,
      "beta": 18.365472910927462,
      "T_total": 153,
      "Z_joint": 0.0015553014419250534,
      "frac_all_emerged": 0.04134625,
      "n_all_emerged": 33077,
      "f_joint": 0.00053375,
      "f_fact": 0.0005325,
      "f_flat": 0.0025425,
      "n_accept_joint": 427,
      "n_accept_fact": 426,
      "n_accept_flat": 2034,
      "selectivity_ratio": 0.20993117010816126,
      "kl_joint_fact": 5.927335068657238,
      "joint_vs_fact_logZ": 0.1072861424400724,
      "wall_s": 2.2204601764678955
    },
    {
      "R": 8,
      "n_hist": 1000000,
      "beta": 18.365472910927462,
      "T_total": 201,
      "Z_joint": 0.0005446552424329653,
      "frac_all_emerged": 0.023854,
      "n_all_emerged": 23854,
      "f_joint": 0.0003,
      "f_fact": 0.000287,
      "f_flat": 0.000852,
      "n_accept_joint": 300,
      "n_accept_fact": 287,
      "n_accept_flat": 852,
      "selectivity_ratio": 0.352112676056338,
      "kl_joint_fact": 7.4996136920339,
      "joint_vs_fact_logZ": 0.13393131760198518,
      "wall_s": 3.9103686809539795
    },
    {
      "R": 9,
      "n_hist": 1600000,
      "beta": 18.365472910927462,
      "T_total": 249,
      "Z_joint": 0.00019636729324252488,
      "frac_all_emerged": 0.014076875,
      "n_all_emerged": 22523,
      "f_joint": 8.125e-05,
      "f_fact": 9.4375e-05,
      "f_flat": 0.00052875,
      "n_accept_joint": 130,
      "n_accept_fact": 151,
      "n_accept_flat": 846,
      "selectivity_ratio": 0.15366430260047279,
      "kl_joint_fact": 8.618605271833065,
      "joint_vs_fact_logZ": 0.16492833536345675,
      "wall_s": 8.351636409759521
    },
    {
      "R": 11,
      "n_hist": 4000000,
      "beta": 18.365472910927462,
      "T_total": 345,
      "Z_joint": 2.2798520288684976e-05,
      "frac_all_emerged": 0.0052425,
      "n_all_emerged": 20970,
      "f_joint": 3.25e-06,
      "f_fact": 2.25e-06,
      "f_flat": 3.15e-05,
      "n_accept_joint": 13,
      "n_accept_fact": 9,
      "n_accept_flat": 126,
      "selectivity_ratio": 0.10317460317460317,
      "kl_joint_fact": 12.443649729796139,
      "joint_vs_fact_logZ": 0.23999405182938638,
      "wall_s": 44.61442470550537
    },
    {
      "R": 13,
      "n_hist": 8000000,
      "beta": 18.365472910927462,
      "T_total": 441,
      "Z_joint": 2.9580590576742595e-06,
      "frac_all_emerged": 0.00211225,
      "n_all_emerged": 16898,
      "f_joint": 5.375e-06,
      "f_fact": 4.5e-06,
      "f_flat": 1.8125e-05,
      "n_accept_joint": 43,
      "n_accept_fact": 36,
      "n_accept_flat": 145,
      "selectivity_ratio": 0.296551724137931,
      "kl_joint_fact": 14.516470066285235,
      "joint_vs_fact_logZ": 0.2923915960540757,
      "wall_s": 182.77627992630005
    },
    {
      "R": 20,
      "n_hist": 24000000,
      "beta": 18.365472910927462,
      "T_total": 777,
      "Z_joint": 1.7691998684172285e-09,
      "frac_all_emerged": 0.000146125,
      "n_all_emerged": 3507,
      "f_joint": 1.6666666666666668e-07,
      "f_fact": 1.6666666666666668e-07,
      "f_flat": 4.1666666666666667e-07,
      "n_accept_joint": 4,
      "n_accept_fact": 4,
      "n_accept_flat": 10,
      "selectivity_ratio": 0.4,
      "kl_joint_fact": 21.947054091335204,
      "joint_vs_fact_logZ": 0.4197928428299562,
      "wall_s": 1345.631848335266
    }
  ]
}