{
 "33": {
  "z": 2.0020281392528516,
  "a": 0.3331081367707903,
  "n_kept": 190256,
  "chunks": 32,
  "k_at_frozen_thr": 20880
 },
 "39": {
  "z": 1.5312390291576135,
  "a": 0.39506344066320603,
  "n_kept": 216552,
  "chunks": 43,
  "k_at_frozen_thr": 28109
 },
 "45": {
  "z": 1.2062580807810006,
  "a": 0.45325613023749545,
  "n_kept": 228257,
  "chunks": 58,
  "k_at_frozen_thr": 32617
 },
 "47": {
  "z": 1.1141505637653806,
  "a": 0.4730032085410998,
  "n_kept": 230399,
  "chunks": 64,
  "k_at_frozen_thr": 33823
 },
 "51": {
  "z": 0.9505313515850327,
  "a": 0.5126808134549512,
  "n_kept": 232881,
  "chunks": 76,
  "k_at_frozen_thr": 35650
 },
 "53": {
  "z": 0.8868969375752482,
  "a": 0.5299706518603222,
  "n_kept": 233207,
  "chunks": 79,
  "k_at_frozen_thr": 36224
 },
 "55": {
  "z": 0.8167099790118506,
  "a": 0.5504455920608321,
  "n_kept": 233315,
  "chunks": 85,
  "k_at_frozen_thr": 36799
 },
 "59": {
  "z": 0.7001063537185233,
  "a": 0.5881984958251407,
  "n_kept": 232917,
  "chunks": 96,
  "k_at_frozen_thr": 37531
 },
 "61": {
  "z": 0.6446418406845371,
  "a": 0.6080351206337894,
  "n_kept": 232332,
  "chunks": 101,
  "k_at_frozen_thr": 37742
 },
 "63": {
  "z": 0.5985432881875667,
  "a": 0.6255695465925124,
  "n_kept": 231525,
  "chunks": 106,
  "k_at_frozen_thr": 37869
 },
 "67": {
  "z": 0.5030475232448832,
  "a": 0.6653149581332802,
  "n_kept": 229835,
  "chunks": 116,
  "k_at_frozen_thr": 38064
 },
 "70": {
  "z": 0.4402978492477432,
  "a": 0.6943008354294861,
  "n_kept": 228206,
  "chunks": 124,
  "k_at_frozen_thr": 38084
 },
 "72": {
  "z": 0.3999269646135635,
  "a": 0.7143229791820179,
  "n_kept": 227523,
  "chunks": 128,
  "k_at_frozen_thr": 37977
 },
 "74": {
  "z": 0.36068765726181673,
  "a": 0.7349225185244589,
  "n_kept": 226571,
  "chunks": 133,
  "k_at_frozen_thr": 37956
 },
 "79": {
  "z": 0.2733533465784399,
  "a": 0.7853279709729015,
  "n_kept": 223721,
  "chunks": 144,
  "k_at_frozen_thr": 37697
 },
 "82": {
  "z": 0.22598838626019768,
  "a": 0.815668411876591,
  "n_kept": 221933,
  "chunks": 151,
  "k_at_frozen_thr": 37573
 }
}