{
  "model": "gpt-4o",
  "smoke": false,
  "n_records": 120,
  "aggregate": {
    "n": 120,
    "mean_delta": 1.3940164360705192,
    "median_delta": 1.5680101786442435,
    "p_value": 4.890955677731171e-07,
    "cohens_d": 0.46811989101747187,
    "ci95_lo": 0.8442752838636214,
    "ci95_hi": 1.9273267917771597,
    "frac_positive": 0.6666666666666666
  },
  "by_category": {
    "statement": {
      "n": 20,
      "mean_delta": -1.7324488534015428,
      "median_delta": -0.7912832659576541,
      "p_value": 0.9880466864405592,
      "cohens_d": -0.6452774084852554,
      "ci95_lo": -2.900358525541546,
      "ci95_hi": -0.6058524979636102,
      "frac_positive": 0.3
    },
    "reasoning": {
      "n": 20,
      "mean_delta": 2.8061789499385292,
      "median_delta": 3.98926365176048,
      "p_value": 0.0038006360826954503,
      "cohens_d": 0.7336688496341068,
      "ci95_lo": 1.0391896357314827,
      "ci95_hi": 4.4061797711950605,
      "frac_positive": 0.7
    },
    "identity": {
      "n": 20,
      "mean_delta": 3.160735462680191,
      "median_delta": 3.097384157313059,
      "p_value": 4.78458657852973e-05,
      "cohens_d": 5.892390986446459,
      "ci95_lo": 2.9385832161522427,
      "ci95_hi": 3.4057197706085036,
      "frac_positive": 1.0
    },
    "reflection": {
      "n": 20,
      "mean_delta": 2.5375290658515453,
      "median_delta": 1.1113502813056932,
      "p_value": 0.0021454187173152077,
      "cohens_d": 0.7782689642096476,
      "ci95_lo": 1.1801986812891818,
      "ci95_hi": 4.029798237415142,
      "frac_positive": 0.75
    },
    "goal_formation": {
      "n": 20,
      "mean_delta": 0.7137879216727383,
      "median_delta": 0.7766247913164648,
      "p_value": 0.008879030494043476,
      "cohens_d": 0.672564865318016,
      "ci95_lo": 0.2597072172600695,
      "ci95_hi": 1.1733462084536939,
      "frac_positive": 0.65
    },
    "uncertainty": {
      "n": 20,
      "mean_delta": 0.8783160696816537,
      "median_delta": 0.7885798100305683,
      "p_value": 0.022896419688068003,
      "cohens_d": 0.5671412928915267,
      "ci95_lo": 0.16792960926642123,
      "ci95_hi": 1.5428671486160273,
      "frac_positive": 0.6
    }
  },
  "decision": "PARTIAL"
}