{
  "model": "gpt-4.1",
  "smoke": false,
  "n_records": 120,
  "aggregate": {
    "n": 120,
    "mean_delta": 0.8951896432115983,
    "median_delta": 1.116505652224287,
    "p_value": 0.0002490403509424536,
    "cohens_d": 0.3067737807489198,
    "ci95_lo": 0.3594196696764099,
    "ci95_hi": 1.4186886826295366,
    "frac_positive": 0.6
  },
  "by_category": {
    "statement": {
      "n": 20,
      "mean_delta": -2.5900108749421635,
      "median_delta": -2.5274662204020295,
      "p_value": 0.9978545812826848,
      "cohens_d": -0.8028520975026677,
      "ci95_lo": -3.986807011605525,
      "ci95_hi": -1.1759090645870511,
      "frac_positive": 0.25
    },
    "reasoning": {
      "n": 20,
      "mean_delta": 2.748721156053515,
      "median_delta": 3.1438146589682074,
      "p_value": 0.00024096444835908036,
      "cohens_d": 1.2220121336735765,
      "ci95_lo": 1.7378519975907385,
      "ci95_hi": 3.682284432065803,
      "frac_positive": 0.85
    },
    "identity": {
      "n": 20,
      "mean_delta": 3.5515045874441555,
      "median_delta": 3.3936903008006905,
      "p_value": 4.78458657852973e-05,
      "cohens_d": 3.8503481138380615,
      "ci95_lo": 3.164726188375803,
      "ci95_hi": 3.975947579375826,
      "frac_positive": 1.0
    },
    "reflection": {
      "n": 20,
      "mean_delta": 0.015893784864311165,
      "median_delta": 0.6116780250719955,
      "p_value": 0.40413348700259166,
      "cohens_d": 0.010557420832915552,
      "ci95_lo": -0.6528357285331448,
      "ci95_hi": 0.6501677974899401,
      "frac_positive": 0.55
    },
    "goal_formation": {
      "n": 20,
      "mean_delta": 1.5942135103500448,
      "median_delta": 2.6094314530844662,
      "p_value": 0.010839107635484168,
      "cohens_d": 0.660329494841069,
      "ci95_lo": 0.44299870356128146,
      "ci95_hi": 2.614233442253979,
      "frac_positive": 0.65
    },
    "uncertainty": {
      "n": 20,
      "mean_delta": 0.050815695499726844,
      "median_delta": -0.4750879034549236,
      "p_value": 0.7995416203573549,
      "cohens_d": 0.03535791172027835,
      "ci95_lo": -0.5199131672396037,
      "ci95_hi": 0.7121979990073559,
      "frac_positive": 0.3
    }
  },
  "decision": "PARTIAL"
}