{
  "model": "gpt-4o-mini",
  "smoke": false,
  "n_records": 120,
  "aggregate": {
    "n": 120,
    "mean_delta": -0.17491231599117832,
    "median_delta": 0.9955672108432934,
    "p_value": 0.29342193373076314,
    "cohens_d": -0.037619918632084706,
    "ci95_lo": -1.0090155287519038,
    "ci95_hi": 0.6377603442980035,
    "frac_positive": 0.6
  },
  "by_category": {
    "statement": {
      "n": 20,
      "mean_delta": -6.45599469153366,
      "median_delta": -6.411492429434224,
      "p_value": 0.9999590202102997,
      "cohens_d": -2.6739127982005018,
      "ci95_lo": -7.548148565552369,
      "ci95_hi": -5.425464227604754,
      "frac_positive": 0.0
    },
    "reasoning": {
      "n": 20,
      "mean_delta": 2.3600454525981376,
      "median_delta": 2.976788687829785,
      "p_value": 0.003398615436132087,
      "cohens_d": 0.7793670196640933,
      "ci95_lo": 1.0004326992632993,
      "ci95_hi": 3.6466847065198507,
      "frac_positive": 0.8
    },
    "identity": {
      "n": 20,
      "mean_delta": 3.266696123651012,
      "median_delta": 3.040498003532401,
      "p_value": 4.78458657852973e-05,
      "cohens_d": 2.3636643925510508,
      "ci95_lo": 2.6542560889406204,
      "ci95_hi": 3.8612333934037864,
      "frac_positive": 1.0
    },
    "reflection": {
      "n": 20,
      "mean_delta": 0.48559309466990336,
      "median_delta": 0.1474137003330238,
      "p_value": 0.21108783699678266,
      "cohens_d": 0.1569428506195921,
      "ci95_lo": -0.8807997542480047,
      "ci95_hi": 1.920149979010016,
      "frac_positive": 0.65
    },
    "goal_formation": {
      "n": 20,
      "mean_delta": 2.486323243234268,
      "median_delta": 2.9206750381590263,
      "p_value": 0.005274593856171142,
      "cohens_d": 0.918139427230878,
      "ci95_lo": 1.1686325734164367,
      "ci95_hi": 3.5278167692955007,
      "frac_positive": 0.9
    },
    "uncertainty": {
      "n": 20,
      "mean_delta": -3.192137118566731,
      "median_delta": -0.8576176112451561,
      "p_value": 0.9934790397430344,
      "cohens_d": -0.6877267122683083,
      "ci95_lo": -5.354356993387967,
      "ci95_hi": -1.2176150730053554,
      "frac_positive": 0.25
    }
  },
  "decision": "FAIL"
}