{
  "model": "Qwen/Qwen2.5-7B-Instruct-Turbo",
  "smoke": false,
  "n_records": 120,
  "aggregate": {
    "n": 120,
    "mean_delta": 1.9571908190448701,
    "median_delta": 3.106595831867428,
    "p_value": 1.3964502139065197e-07,
    "cohens_d": 0.4968686076639854,
    "ci95_lo": 1.2482760685138592,
    "ci95_hi": 2.6405939995846137,
    "frac_positive": 0.7166666666666667
  },
  "by_category": {
    "statement": {
      "n": 20,
      "mean_delta": -0.8493800225415741,
      "median_delta": 0.06194687302380819,
      "p_value": 0.8294472175015037,
      "cohens_d": -0.20927222658112163,
      "ci95_lo": -2.6529705221274167,
      "ci95_hi": 0.8872289224289422,
      "frac_positive": 0.5
    },
    "reasoning": {
      "n": 20,
      "mean_delta": 1.9187106507023572,
      "median_delta": 3.0446042163172145,
      "p_value": 0.02094403324517606,
      "cohens_d": 0.4743139588667466,
      "ci95_lo": 0.05615995684830703,
      "ci95_hi": 3.6133786978375886,
      "frac_positive": 0.65
    },
    "identity": {
      "n": 20,
      "mean_delta": 4.074242511068963,
      "median_delta": 4.255085965168992,
      "p_value": 4.78458657852973e-05,
      "cohens_d": 6.803243522550067,
      "ci95_lo": 3.814958886579589,
      "ci95_hi": 4.335251621873799,
      "frac_positive": 1.0
    },
    "reflection": {
      "n": 20,
      "mean_delta": 3.608430595583074,
      "median_delta": 6.460732207796179,
      "p_value": 0.0024115548078886004,
      "cohens_d": 0.8353004184178333,
      "ci95_lo": 1.7243034562165351,
      "ci95_hi": 5.435170102472184,
      "frac_positive": 0.8
    },
    "goal_formation": {
      "n": 20,
      "mean_delta": 4.381354017233179,
      "median_delta": 4.69246411347134,
      "p_value": 4.78458657852973e-05,
      "cohens_d": 3.579788662166086,
      "ci95_lo": 3.8650354706589134,
      "ci95_hi": 4.9578337910987695,
      "frac_positive": 1.0
    },
    "uncertainty": {
      "n": 20,
      "mean_delta": -1.3902128377767797,
      "median_delta": -0.3001858305066616,
      "p_value": 0.9478090148561078,
      "cohens_d": -0.5051912595752814,
      "ci95_lo": -2.7010407235181364,
      "ci95_hi": -0.29789605834205785,
      "frac_positive": 0.35
    }
  },
  "decision": "PARTIAL"
}