{
  "model": "meta-llama/Llama-3.3-70B-Instruct-Turbo",
  "smoke": false,
  "n_records": 120,
  "aggregate": {
    "n": 120,
    "mean_delta": -0.5860611480681832,
    "median_delta": -0.10983206162133108,
    "p_value": 0.843650293340731,
    "cohens_d": -0.1465615273085523,
    "ci95_lo": -1.3175317958276738,
    "ci95_hi": 0.12945095168963477,
    "frac_positive": 0.44166666666666665
  },
  "by_category": {
    "statement": {
      "n": 20,
      "mean_delta": -5.638982378293139,
      "median_delta": -7.739882755426882,
      "p_value": 0.9998636467174205,
      "cohens_d": -1.5316466240608935,
      "ci95_lo": -7.210933842459509,
      "ci95_hi": -3.991516465379476,
      "frac_positive": 0.1
    },
    "reasoning": {
      "n": 20,
      "mean_delta": 1.606196982770488,
      "median_delta": 0.5220387295867814,
      "p_value": 0.02726311053864616,
      "cohens_d": 0.5803438410000671,
      "ci95_lo": 0.45907737869009235,
      "ci95_hi": 2.836977793921675,
      "frac_positive": 0.7
    },
    "identity": {
      "n": 20,
      "mean_delta": 0.7748483403220952,
      "median_delta": -0.07366207775441236,
      "p_value": 0.21108783699678266,
      "cohens_d": 0.5378100898666427,
      "ci95_lo": 0.1822343848008879,
      "ci95_hi": 1.428098710738033,
      "frac_positive": 0.45
    },
    "reflection": {
      "n": 20,
      "mean_delta": -2.049066923993001,
      "median_delta": -0.9452435875732217,
      "p_value": 0.9911209695059565,
      "cohens_d": -0.5485899819367115,
      "ci95_lo": -3.6618803201932812,
      "ci95_hi": -0.39490424753391895,
      "frac_positive": 0.25
    },
    "goal_formation": {
      "n": 20,
      "mean_delta": 3.0122201362450087,
      "median_delta": 2.4219345893654864,
      "p_value": 4.78458657852973e-05,
      "cohens_d": 1.7963677828071827,
      "ci95_lo": 2.299083845765673,
      "ci95_hi": 3.7532397709514265,
      "frac_positive": 1.0
    },
    "uncertainty": {
      "n": 20,
      "mean_delta": -1.2215830454605507,
      "median_delta": -0.8780495250430249,
      "p_value": 0.9975884451921114,
      "cohens_d": -0.42648989141435284,
      "ci95_lo": -2.5917049557820966,
      "ci95_hi": -0.07139591366313218,
      "frac_positive": 0.15
    }
  },
  "decision": "FAIL"
}