{
 "thr": 2000000000000.0,
 "box": 205.0,
 "note": "CPU measured-vs-model at 2e12, eig-clip 1e-12",
 "records": [
  {
   "snap": 25,
   "z": 3.008131071630377,
   "a": 0.24949283896377986,
   "k": 1469,
   "S_model": 93.00647211720882,
   "model_min_eig": 0.14568393609887775,
   "model_n_nonpos": 0,
   "S_meas_1.0x": 426.85029094639276,
   "S_meas_floor_1.0x": 95.27803755525012,
   "neg_mass_1.0x": 0.00020600770308982474,
   "clip_frac_1.0x": 0.7767881630254858,
   "n_nonpos_1.0x": 12,
   "S_meas_0.5x": 22016.133984731245,
   "S_meas_floor_0.5x": -2796.5229773725923,
   "neg_mass_0.5x": 0.4984612122550269,
   "clip_frac_0.5x": 1.1270215279082174,
   "n_nonpos_0.5x": 898,
   "S_meas_2.0x": 3246.0314634633714,
   "S_meas_floor_2.0x": -14.429028216197423,
   "neg_mass_2.0x": 0.06199238445465413,
   "clip_frac_2.0x": 1.0044451288838716,
   "n_nonpos_2.0x": 118,
   "S_model_floor": 93.00647211720882
  },
  {
   "snap": 30,
   "z": 2.3161107439568918,
   "a": 0.30155808331261197,
   "k": 3756,
   "S_model": 327.3666787041901,
   "model_min_eig": 0.1127506765542545,
   "model_n_nonpos": 0,
   "S_meas_1.0x": 2409.071964848265,
   "S_meas_floor_1.0x": 613.0555923129098,
   "neg_mass_1.0x": 0.0016139163016419993,
   "clip_frac_1.0x": 0.7455220926322461,
   "n_nonpos_1.0x": 65,
   "S_meas_0.5x": 27805.095160211742,
   "S_meas_floor_0.5x": -3141.6484896282304,
   "neg_mass_0.5x": 0.43080060636931927,
   "clip_frac_0.5x": 1.112988230089708,
   "n_nonpos_0.5x": 1120,
   "S_meas_2.0x": 10719.20205820757,
   "S_meas_floor_2.0x": 81.25892857508018,
   "neg_mass_2.0x": 0.05700350629577258,
   "clip_frac_2.0x": 0.9924193117982267,
   "n_nonpos_2.0x": 385,
   "S_model_floor": 327.3666787041901
  },
  {
   "snap": 36,
   "z": 1.7435705743308647,
   "a": 0.3644885279628326,
   "k": 6771,
   "S_model": 707.0637490158102,
   "model_min_eig": 0.09533477966377289,
   "model_n_nonpos": 0,
   "S_meas_1.0x": 4838.605865919687,
   "S_meas_floor_1.0x": 852.2048029848842,
   "neg_mass_1.0x": 0.0013098011123540223,
   "clip_frac_1.0x": 0.8223168307050024,
   "n_nonpos_1.0x": 144,
   "S_meas_0.5x": 16469.72245471418,
   "S_meas_floor_0.5x": 554.254291939339,
   "neg_mass_0.5x": 0.02811529195402635,
   "clip_frac_0.5x": 0.9663470775865629,
   "n_nonpos_0.5x": 576,
   "S_meas_2.0x": 22667.02648043245,
   "S_meas_floor_2.0x": 442.7934169520456,
   "neg_mass_2.0x": 0.057528772207420635,
   "clip_frac_2.0x": 0.9800730147107818,
   "n_nonpos_2.0x": 804,
   "S_model_floor": 707.0637490158102
  },
  {
   "snap": 42,
   "z": 1.3575766674029972,
   "a": 0.42416436072959446,
   "k": 9021,
   "S_model": 1001.7299806437418,
   "model_min_eig": 0.08986406325492792,
   "model_n_nonpos": 0,
   "S_meas_1.0x": 15559.409272659967,
   "S_meas_floor_1.0x": 1322.232773562949,
   "neg_mass_1.0x": 0.0037607003135379747,
   "clip_frac_1.0x": 0.912781751845988,
   "n_nonpos_1.0x": 514,
   "S_meas_0.5x": 63121.77377801825,
   "S_meas_floor_0.5x": -6618.9235185853995,
   "neg_mass_0.5x": 0.39345846237091375,
   "clip_frac_0.5x": 1.1048595931708498,
   "n_nonpos_0.5x": 2524,
   "S_meas_2.0x": 32942.055116910815,
   "S_meas_floor_2.0x": 830.3190568007731,
   "neg_mass_2.0x": 0.04457981346646225,
   "clip_frac_2.0x": 0.9738194961347436,
   "n_nonpos_2.0x": 1161,
   "S_model_floor": 1001.7299806437418
  },
  {
   "snap": 49,
   "z": 1.035510445664141,
   "a": 0.4912772627279358,
   "k": 10891,
   "S_model": 1259.1191288613213,
   "model_min_eig": 0.10651027909077507,
   "model_n_nonpos": 0,
   "S_meas_1.0x": 27099.976336714633,
   "S_meas_floor_1.0x": 1470.6679424142808,
   "neg_mass_1.0x": 0.015803446498848732,
   "clip_frac_1.0x": 0.9451652745454381,
   "n_nonpos_1.0x": 927,
   "S_meas_0.5x": 75106.43783512089,
   "S_meas_floor_0.5x": -7932.482030259949,
   "neg_mass_0.5x": 0.3885505856319613,
   "clip_frac_0.5x": 1.1055139991546592,
   "n_nonpos_0.5x": 3005,
   "S_meas_2.0x": 41813.97361850989,
   "S_meas_floor_2.0x": 1292.7114626926145,
   "neg_mass_2.0x": 0.048600993564247026,
   "clip_frac_2.0x": 0.9680841697598477,
   "n_nonpos_2.0x": 1465,
   "S_model_floor": 1259.1191288613213
  },
  {
   "snap": 56,
   "z": 0.7910682489463392,
   "a": 0.5583260161014446,
   "k": 12034,
   "S_model": 1405.9392675013319,
   "model_min_eig": 0.07511933559208711,
   "model_n_nonpos": 0,
   "S_meas_1.0x": 17661.02414380937,
   "S_meas_floor_1.0x": 2649.929990311763,
   "neg_mass_1.0x": 0.00409379407138624,
   "clip_frac_1.0x": 0.8495342254094791,
   "n_nonpos_1.0x": 543,
   "S_meas_0.5x": 387.20805837162766,
   "S_meas_floor_0.5x": 387.20805837162766,
   "neg_mass_0.5x": 0.0,
   "clip_frac_0.5x": 0.0,
   "n_nonpos_0.5x": 0,
   "S_meas_2.0x": 45070.31497384377,
   "S_meas_floor_2.0x": 1413.301610676669,
   "neg_mass_2.0x": 0.04205985155864171,
   "clip_frac_2.0x": 0.9686422956773907,
   "n_nonpos_2.0x": 1580,
   "S_model_floor": 1405.9392675013319
  },
  {
   "snap": 65,
   "z": 0.5463921831410221,
   "a": 0.6466664866145445,
   "k": 12926,
   "S_model": 1534.017039981445,
   "model_min_eig": 0.10573170728848688,
   "model_n_nonpos": 0,
   "S_meas_1.0x": 37721.764426607966,
   "S_meas_floor_1.0x": 2096.7698660186825,
   "neg_mass_1.0x": 0.02071705785441408,
   "clip_frac_1.0x": 0.9434541500983601,
   "n_nonpos_1.0x": 1288,
   "S_meas_0.5x": 86884.34395631304,
   "S_meas_floor_0.5x": -8644.563971985335,
   "neg_mass_0.5x": 0.3701810268328217,
   "clip_frac_0.5x": 1.0993976089155295,
   "n_nonpos_0.5x": 3457,
   "S_meas_2.0x": 49815.75392199181,
   "S_meas_floor_2.0x": 1714.6025466403162,
   "neg_mass_2.0x": 0.03895309196727463,
   "clip_frac_2.0x": 0.9651159112637864,
   "n_nonpos_2.0x": 1740,
   "S_model_floor": 1534.017039981445
  },
  {
   "snap": 76,
   "z": 0.32882972420595435,
   "a": 0.7525418658117033,
   "k": 13118,
   "S_model": 1527.011291107424,
   "model_min_eig": 0.1008257295596895,
   "model_n_nonpos": 0,
   "S_meas_1.0x": 45905.79664067931,
   "S_meas_floor_1.0x": 1686.8716137016295,
   "neg_mass_1.0x": 0.025742168864881558,
   "clip_frac_1.0x": 0.9630512270929509,
   "n_nonpos_1.0x": 1600,
   "S_meas_0.5x": 87237.7519973031,
   "S_meas_floor_0.5x": -8484.48733880498,
   "neg_mass_0.5x": 0.36383449404511903,
   "clip_frac_0.5x": 1.0971609762312011,
   "n_nonpos_0.5x": 3464,
   "S_meas_2.0x": 48478.80941677081,
   "S_meas_floor_2.0x": 1599.3443598830681,
   "neg_mass_2.0x": 0.03042022205254623,
   "clip_frac_2.0x": 0.9666535209176002,
   "n_nonpos_2.0x": 1696,
   "S_model_floor": 1527.011291107424
  },
  {
   "snap": 87,
   "z": 0.15274876890238098,
   "a": 0.8674917093619414,
   "k": 13025,
   "S_model": 1517.943651414819,
   "model_min_eig": 0.07458173288853975,
   "model_n_nonpos": 0,
   "S_meas_1.0x": 30352.595295349973,
   "S_meas_floor_1.0x": 2558.106222593601,
   "neg_mass_1.0x": 0.00996020817160653,
   "clip_frac_1.0x": 0.9148863861984954,
   "n_nonpos_1.0x": 1005,
   "S_meas_0.5x": 85650.53635309385,
   "S_meas_floor_0.5x": -8303.267903261476,
   "neg_mass_0.5x": 0.36052670885582266,
   "clip_frac_0.5x": 1.096846275508041,
   "n_nonpos_0.5x": 3400,
   "S_meas_2.0x": 49364.17529947624,
   "S_meas_floor_2.0x": 1919.0808409155215,
   "neg_mass_2.0x": 0.03363442950888182,
   "clip_frac_2.0x": 0.9605109767819106,
   "n_nonpos_2.0x": 1716,
   "S_model_floor": 1517.943651414819
  },
  {
   "snap": 99,
   "z": 2.220446049250313e-16,
   "a": 0.9999999999999998,
   "k": 12626,
   "S_model": 1409.431251065514,
   "model_min_eig": 0.10206078603003932,
   "model_n_nonpos": 0,
   "S_meas_1.0x": 33137.41878579395,
   "S_meas_floor_1.0x": 2313.4768241026104,
   "neg_mass_1.0x": 0.014813326538668342,
   "clip_frac_1.0x": 0.929722038503132,
   "n_nonpos_1.0x": 1115,
   "S_meas_0.5x": 82607.34171778124,
   "S_meas_floor_0.5x": -7899.486401108534,
   "neg_mass_0.5x": 0.35665860511253583,
   "clip_frac_0.5x": 1.095442514829014,
   "n_nonpos_0.5x": 3275,
   "S_meas_2.0x": 46559.80900504772,
   "S_meas_floor_2.0x": 1957.9161452504254,
   "neg_mass_2.0x": 0.03334921465339063,
   "clip_frac_2.0x": 0.9572383996498112,