{
 "snap": "099",
 "z": 2.220446049250313e-16,
 "a": 0.9999999999999998,
 "n_halos": 212749,
 "box": 205.0,
 "k_knn": 4,
 "n_draws": {
  "real": 2,
  "S0": 4,
  "S0f": 3,
  "S1": 4,
  "S1b": 3
 },
 "configs": {
  "A": {
   "cfg": {
    "id": "A",
    "ng": 48,
    "template": "line",
    "m": 6,
    "sep": 1
   },
   "N": 110592,
   "cell_mpc": 4.270833333333333,
   "tied_frac": 0.03389033564814815,
   "real": {
    "I_gauss": 1.1849446845047296,
    "I_ksg": 1.0939715755844688,
    "I_ksg_sd": 7.314859210354676e-06,
    "resid": -0.09097310892026078,
    "rbar": 0.29244879315889954,
    "n_clip": 0
   },
   "S0": {
    "n": 4,
    "I_ksg": 1.1914870728020048,
    "I_ksg_sd": 0.003477854884880575,
    "resid": 0.005164041348884374,
    "resid_sd": 0.0018061877693196335,
    "I_gauss": 1.1863230314531203,
    "rbar": 0.2928318840504623
   },
   "S0f": {
    "n": 3,
    "I_ksg": 0.8803668559623977,
    "I_ksg_sd": 0.0010393605185809122,
    "resid": 0.00691247295768808,
    "resid_sd": 0.0011500983000267756,
    "I_gauss": 0.8734543830047096,
    "rbar": 0.2536647010477733
   },
   "S1": {
    "n": 4,
    "I_ksg": 1.2061555125074737,
    "I_ksg_sd": 0.026927253616859825,
    "resid": 0.024942365590029825,
    "resid_sd": 0.011996178584766112,
    "I_gauss": 1.1812131469174438,
    "rbar": 0.3382640495327721
   },
   "S1b": {
    "n": 3,
    "I_ksg": 1.2152936339283709,
    "I_ksg_sd": 0.016299594561206,
    "resid": 0.023195555369521042,
    "resid_sd": 0.011157155658721236,
    "I_gauss": 1.1920980785588497,
    "rbar": 0.33514405595457347
   },
   "S1_cal": {
    "A": 5.101189381786843,
    "log_resid": -0.008952542346814946,
    "mode_frac": 0.02515625,
    "var_dG": 0.4354481072643122,
    "clip_frac": 0.06488715277777778,
    "cal_hist": [
     [
      1.0,
      -0.9329100250494162
     ],
     [
      3.0000000000000004,
      -0.23503386405373908
     ],
     [
      4.343184624336084,
      -0.07122183378617597
     ],
     [
      5.101189381786843,
      -0.008952542346814946
     ]
    ]
   },
   "S1b_cal": {
    "A": 5.448148223431575,
    "log_resid": -0.0004210078835671649,
    "mode_frac": 0.02515625,
    "var_dG": 0.5053241517276013,
    "clip_frac": 0.08058449074074074,
    "cal_hist": [
     [
      1.0,
      -0.9225300381617012
     ],
     [
      3.0000000000000004,
      -0.2657878665285718
     ],
     [
      4.679671387871795,
      -0.055179084657136765
     ],
     [
      5.257818991882588,
      -0.012904745702903925
     ],
     [
      5.448148223431575,
      -0.0004210078835671649
     ]
    ]
   },
   "walltime_s": 2390.139482021332,
   "vs_S0": {
    "gap": -0.09751549721753605,
    "gapc": -0.09613715026914516,
    "z": -53.22655368514577,
    "Ig_rel": 0.001163216280401217,
    "rbar_rel": 0.0013099417762158236
   },
   "vs_S0f": {
    "gap": 0.21360471962207106,
    "gapc": -0.09788558187794887,
    "z": -85.11062217522623,
    "Ig_rel": -0.2628732847814017,
    "rbar_rel": -0.13261840369453418
   },
   "vs_S1": {
    "gap": -0.11218393692300488,
    "gapc": -0.1159154745102906,
    "z": -9.662699974931275,
    "Ig_rel": -0.0031491238672000923,
    "rbar_rel": 0.15666078111999335
   },
   "vs_S1b": {
    "gap": -0.12132205834390208,
    "gapc": -0.11416866428978183,
    "z": -10.232775071175007,
    "Ig_rel": 0.006036901255951949,
    "rbar_rel": 0.14599226871309337
   }
  },
  "B": {
   "cfg": {
    "id": "B",
    "ng": 32,
    "template": "line",
    "m": 6,
    "sep": 1
   },
   "N": 32768,
   "cell_mpc": 6.40625,
   "tied_frac": 0.0008544921875,
   "real": {
    "I_gauss": 1.0707480328804562,
    "I_ksg": 1.0277961475479636,
    "I_ksg_sd": 2.478516804643827e-08,
    "resid": -0.04295188533249261,
    "rbar": 0.2644637220219149,
    "n_clip": 0
   },
   "S0": {
    "n": 4,
    "I_ksg": 1.0604906275634924,
    "I_ksg_sd": 0.006757278942280971,
    "resid": -0.008199590937970236,
    "resid_sd": 0.003120984638339207,
    "I_gauss": 1.0686902185014626,
    "rbar": 0.2626028707177215
   },
   "S0f": {
    "n": 3,
    "I_ksg": 0.8933753669022574,
    "I_ksg_sd": 0.00628361732926686,
    "resid": 0.001189959275739949,
    "resid_sd": 0.0063083869212968114,
    "I_gauss": 0.8921854076265175,
    "rbar": 0.24432116281696695
   },
   "S1": {
    "n": 4,
    "I_ksg": 0.9974127788403724,
    "I_ksg_sd": 0.014911618599583733,
    "resid": 0.024817705134136253,
    "resid_sd": 0.0023434344335793935,
    "I_gauss": 0.9725950737062361,
    "rbar": 0.26966772602605094
   },
   "S1b": {
    "n": 3,
    "I_ksg": 1.117293087266655,
    "I_ksg_sd": 0.031247577744734176,
    "resid": 0.03318689862323768,
    "resid_sd": 0.01995064621300104,
    "I_gauss": 1.0841061886434173,
    "rbar": 0.28354908113353194
   },
   "S1_cal": {
    "A": 1.5645059563216908,
    "log_resid": -0.12079628823722605,
    "mode_frac": 0.03728170955882353,
    "var_dG": 0.10557918561764978,
    "clip_frac": 0.000732421875,
    "cal_hist": [
     [
      1.0,
      -0.31855014241637564
     ],
     [
      3.0000000000000004,
      0.22858742588157394
     ],
     [
      1.8957706427179455,
      0.03246798531983522
     ],
     [
      1.7570551343689134,
      -0.029283746007341696
     ],
     [
      1.8215234035106906,
      -0.02397149176973838
     ],
     [
      2.1431489564594473,
      0.07363848237092897
     ],
     [
      1.8957337430717214,
      0.04493471451779467
     ],
     [
      1.5645059563216908,
      -0.12079628823722605
     ]
    ]
   },
   "S1b_cal": {
    "A": 1.8839920436742794,
    "log_resid": -0.003734589275970257,
    "mode_frac": 0.03728170955882353,
    "var_dG": 0.13321702927433832,
    "clip_frac": 0.0035807291666666665,
    "cal_hist": [
     [
      1.0,
      -0.3870617021759903
     ],
     [
      3.0000000000000004,
      0.22457885297318647
     ],
     [
      2.0041695846196395,
      0.05165452505747571
     ],
     [
      1.776659157033338,
      -0.04899931102638404
     ],
     [
      1.8839920436742794,
      -0.003734589275970257
     ]
    ]
   },
   "walltime_s": 63.293670654296875,
   "vs_S0": {
    "gap": -0.03269448001552888,
    "gapc": -0.034752294394522376,
    "z": -11.135041796622035,
    "Ig_rel": -0.00192184745225051,
    "rbar_rel": -0.007036319726450966
   },
   "vs_S0f": {
    "gap": 0.13442078064570617,
    "gapc": -0.04414184460823256,
    "z": -6.997326758638062,
    "Ig_rel": -0.1667643738495425,
    "rbar_rel": -0.07616378931276954
   },
   "vs_S1": {
    "gap": 0.030383368707591174,
    "gapc": -0.06776959046662887,
    "z": -28.91891895738541,
    "Ig_rel": -0.09166765304268214,
    "rbar_rel": 0.019677572274751455
   },
   "vs_S1b": {
    "gap": -0.08949693971869155,
    "gapc": -0.07613878395573029,
    "z": -3.8163567807700227,
    "Ig_rel": 0.012475536123121274,
    "rbar_rel": 0.07216626524690407
   }
  },
  "C": {
   "cfg": {
    "id": "C",
    "ng": 48,
    "template": "block2",
    "m": 8,
    "sep": 1
   },
   "N": 110592,
   "cell_mpc": 4.270833333333333,
   "tied_frac": 0.03389033564814815,
   "real": {
    "I_gauss": 2.306575366211116,
    "I_ksg": 2.034679381656062,
    "I_ksg_sd": 1.8287771340032048e-05,
    "resid": -0.27189598455505415,
    "rbar": 0.47301243035044394,
    "n_clip": 0
   },
   "S0": {
    "n": 4,
    "I_ksg": 2.2621537116984385,
    "I_ksg_sd": 0.0035692663567155167,
    "resid": -0.043737081240484144,
    "resid_sd": 0.0016898976300695917,
    "I_gauss": 2.3058907929389227,
    "rbar": 0.47299842185310986
   },
   "S0f": {
    "n": 3,
    "I_ksg": 1.7373386911499722,
    "I_ksg_sd": 0.0013433614536499917,
    "resid": -0.02966710584729511,
    "resid_sd": 0.001543323930732016,
    "I_gauss": 1.7670057969972675,
    "rbar": 0.41138468069647277
   },
   "S1": {
    "n": 4,
    "I_ksg": 2.2905075016780323,
    "I_ksg_sd": 0.07371305480475947,
    "resid": -0.007385446703028764,
    "resid_sd": 0.025425673974039793,
    "I_gauss": 2.2978929483810613,
    "rbar": 0.5109233650854622
   },
   "S1b": {
    "n": 3,
    "I_ksg": 2.3326132696528865,