{
 "snap": "059",
 "z": 0.7001063537185233,
 "a": 0.5881984958251407,
 "n_halos": 232917,
 "box": 205.0,
 "k_knn": 4,
 "n_draws": {
  "real": 2,
  "S0": 4,
  "S0f": 3,
  "S1": 4,
  "S1b": 3
 },
 "configs": {
  "A": {
   "cfg": {
    "id": "A",
    "ng": 48,
    "template": "line",
    "m": 6,
    "sep": 1
   },
   "N": 110592,
   "cell_mpc": 4.270833333333333,
   "tied_frac": 0.02416087962962963,
   "real": {
    "I_gauss": 1.141500816757911,
    "I_ksg": 1.0741906162808768,
    "I_ksg_sd": 2.7436059946221594e-05,
    "resid": -0.06731020047703429,
    "rbar": 0.28617297310652634,
    "n_clip": 0
   },
   "S0": {
    "n": 4,
    "I_ksg": 1.1511082897731413,
    "I_ksg_sd": 0.004799757632984957,
    "resid": 0.005773088661163828,
    "resid_sd": 0.003957506794255829,
    "I_gauss": 1.1453352011119775,
    "rbar": 0.2864013986477594
   },
   "S0f": {
    "n": 3,
    "I_ksg": 0.8638212237407478,
    "I_ksg_sd": 0.000979233598732748,
    "resid": 0.006403010442022035,
    "resid_sd": 0.0009970848987326162,
    "I_gauss": 0.8574182132987257,
    "rbar": 0.24869297240722762
   },
   "S1": {
    "n": 4,
    "I_ksg": 1.190532244046759,
    "I_ksg_sd": 0.028168849137750817,
    "resid": 0.039458926906911995,
    "resid_sd": 0.01276213423412087,
    "I_gauss": 1.151073317139847,
    "rbar": 0.3368841559077703
   },
   "S1b": {
    "n": 3,
    "I_ksg": 1.1379967050866664,
    "I_ksg_sd": 0.015047609630551392,
    "resid": 0.014391166224494434,
    "resid_sd": 0.006857247904354306,
    "I_gauss": 1.123605538862172,
    "rbar": 0.3256895451374572
   },
   "S1_cal": {
    "A": 4.858490079583081,
    "log_resid": 0.008303317992293613,
    "mode_frac": 0.02515625,
    "var_dG": 0.3515377881208024,
    "clip_frac": 0.0498046875,
    "cal_hist": [
     [
      1.0,
      -0.9268348346681072
     ],
     [
      3.0000000000000004,
      -0.24137526537040904
     ],
     [
      4.417057124766328,
      -0.032701080782090955
     ],
     [
      4.693123006383973,
      -0.021918332219191358
     ],
     [
      5.308616096077596,
      0.038731495831322765
     ],
     [
      4.906856834874777,
      0.013456599821204618
     ],
     [
      4.705510253409596,
      -0.04346144202302665
     ],
     [
      4.858490079583081,
      0.008303317992293613
     ]
    ]
   },
   "S1b_cal": {
    "A": 5.096116177695434,
    "log_resid": 0.007455590380272464,
    "mode_frac": 0.02515625,
    "var_dG": 0.40332044375851134,
    "clip_frac": 0.05439814814814814,
    "cal_hist": [
     [
      1.0,
      -0.9147147902676968
     ],
     [
      3.0000000000000004,
      -0.25673242288759257
     ],
     [
      4.605587646152951,
      -0.027270904277241326
     ],
     [
      4.846298209239354,
      -0.02842526391628228
     ],
     [
      1.3822802854845473,
      -0.737864560142681
     ],
     [
      5.096116177695434,
      0.007455590380272464
     ]
    ]
   },
   "walltime_s": 2390.4422373771667,
   "vs_S0": {
    "gap": -0.07691767349226453,
    "gapc": -0.07308328913819812,
    "z": -18.467002822149475,
    "Ig_rel": 0.0033590728081622223,
    "rbar_rel": 0.0007982079465904167
   },
   "vs_S0f": {
    "gap": 0.21036939254012899,
    "gapc": -0.07371321091905632,
    "z": -73.92872062624997,
    "Ig_rel": -0.24886763048145366,
    "rbar_rel": -0.13096974285320434
   },
   "vs_S1": {
    "gap": -0.1163416277658822,
    "gapc": -0.10676912738394628,
    "z": -8.36608716263837,
    "Ig_rel": 0.00838589008558384,
    "rbar_rel": 0.1772046544114668
   },
   "vs_S1b": {
    "gap": -0.06380608880578964,
    "gapc": -0.08170136670152872,
    "z": -11.914600119626549,
    "Ig_rel": -0.01567697336088223,
    "rbar_rel": 0.13808631752314712
   }
  },
  "B": {
   "cfg": {
    "id": "B",
    "ng": 32,
    "template": "line",
    "m": 6,
    "sep": 1
   },
   "N": 32768,
   "cell_mpc": 6.40625,
   "tied_frac": 0.000396728515625,
   "real": {
    "I_gauss": 1.0369676975429438,
    "I_ksg": 1.0014012784117554,
    "I_ksg_sd": 1.034827691606129e-07,
    "resid": -0.03556641913118841,
    "rbar": 0.256447078967825,
    "n_clip": 0
   },
   "S0": {
    "n": 4,
    "I_ksg": 1.0370142641907076,
    "I_ksg_sd": 0.008244873380684933,
    "resid": -0.006682818626965292,
    "resid_sd": 0.00252969893211662,
    "I_gauss": 1.043697082817673,
    "rbar": 0.2568614756651961
   },
   "S0f": {
    "n": 3,
    "I_ksg": 0.8771294999675566,
    "I_ksg_sd": 0.0030561942692678094,
    "resid": 0.002283918899845805,
    "resid_sd": 0.0035623836405134254,
    "I_gauss": 0.8748455810677108,
    "rbar": 0.2363047196359144
   },
   "S1": {
    "n": 4,
    "I_ksg": 1.0792640614588969,
    "I_ksg_sd": 0.02240889511923223,
    "resid": 0.042005967146062084,
    "resid_sd": 0.023957913932881447,
    "I_gauss": 1.0372580943128349,
    "rbar": 0.2867650198322886
   },
   "S1b": {
    "n": 3,
    "I_ksg": 1.0866907846416372,
    "I_ksg_sd": 0.00830144772979601,
    "resid": 0.024562671607562203,
    "resid_sd": 0.007056807817940508,
    "I_gauss": 1.062128113034075,
    "rbar": 0.28372525210289384
   },
   "S1_cal": {
    "A": 1.8815269393117304,
    "log_resid": -0.006469436829600113,
    "mode_frac": 0.03728170955882353,
    "var_dG": 0.10993490126741609,
    "clip_frac": 0.002197265625,
    "cal_hist": [
     [
      1.0,
      -0.3668213881461334
     ],
     [
      3.0000000000000004,
      0.21282337752705316
     ],
     [
      2.0041978287211593,
      0.06776309634361063
     ],
     [
      1.659996334969751,
      -0.05047644200172546
     ],
     [
      1.799044147214002,
      -0.026430133384902424
     ],
     [
      1.9653493261936927,
      0.04417571069683966
     ],
     [
      1.8595825145696683,
      -0.011890271159654523
     ],
     [
      1.8815269393117304,
      -0.006469436829600113
     ]
    ]
   },
   "S1b_cal": {
    "A": 1.9605839822513746,
    "log_resid": 0.00985760899356515,
    "mode_frac": 0.03728170955882353,
    "var_dG": 0.12037508039457911,
    "clip_frac": 0.0009765625,
    "cal_hist": [
     [
      1.0,
      -0.37828305182929933
     ],
     [
      3.0000000000000004,
      0.23900787087903447
     ],
     [
      1.9605839822513746,
      0.00985760899356515
     ]
    ]
   },
   "walltime_s": 65.19515228271484,
   "vs_S0": {
    "gap": -0.03561298577895222,
    "gapc": -0.028883600504223117,
    "z": -11.417801595882388,
    "Ig_rel": 0.006489483993256726,
    "rbar_rel": 0.0016159150614584949
   },
   "vs_S0f": {
    "gap": 0.12427177844419879,
    "gapc": -0.037850338031034214,
    "z": -10.62500332658699,
    "Ig_rel": -0.1563424944281054,
    "rbar_rel": -0.07854392186092217
   },
   "vs_S1": {
    "gap": -0.07786278304714145,
    "gapc": -0.0775723862772505,
    "z": -3.2378606290418697,
    "Ig_rel": 0.0002800441812981737,
    "rbar_rel": 0.11822299160704196
   },
   "vs_S1b": {
    "gap": -0.08528950622988174,
    "gapc": -0.06012909073875061,
    "z": -8.520721024297211,
    "Ig_rel": 0.024263451552780084,
    "rbar_rel": 0.10636959970400484
   }
  },
  "C": {
   "cfg": {
    "id": "C",
    "ng": 48,
    "template": "block2",
    "m": 8,
    "sep": 1
   },
   "N": 110592,
   "cell_mpc": 4.270833333333333,
   "tied_frac": 0.02416087962962963,
   "real": {
    "I_gauss": 2.219137089177251,
    "I_ksg": 1.9794925448344713,
    "I_ksg_sd": 1.3291514178346846e-05,
    "resid": -0.2396445443427795,
    "rbar": 0.46384361225649107,
    "n_clip": 0
   },
   "S0": {
    "n": 4,
    "I_ksg": 2.1896155859993023,
    "I_ksg_sd": 0.01410941598004395,
    "resid": -0.04083816952983965,
    "resid_sd": 0.0025514848356676715,
    "I_gauss": 2.230453755529142,
    "rbar": 0.4658406445013424
   },
   "S0f": {
    "n": 3,
    "I_ksg": 1.7019926520900697,
    "I_ksg_sd": 0.000840231012267485,
    "resid": -0.026758103288634077,
    "resid_sd": 0.0008830458015885004,
    "I_gauss": 1.7287507553787036,
    "rbar": 0.40672048247834436
   },
   "S1": {
    "n": 4,
    "I_ksg": 2.217497256976518,
    "I_ksg_sd": 0.032652820012603646,
    "resid": -0.005778867851664371,