{
 "snap": "042",
 "z": 1.3575766674029972,
 "a": 0.42416436072959446,
 "n_halos": 223502,
 "box": 205.0,
 "k_knn": 4,
 "n_draws": {
  "real": 2,
  "S0": 4,
  "S0f": 3,
  "S1": 4,
  "S1b": 3
 },
 "configs": {
  "A": {
   "cfg": {
    "id": "A",
    "ng": 48,
    "template": "line",
    "m": 6,
    "sep": 1
   },
   "N": 110592,
   "cell_mpc": 4.270833333333333,
   "tied_frac": 0.026204427083333332,
   "real": {
    "I_gauss": 1.1362778459253344,
    "I_ksg": 1.0618907270821722,
    "I_ksg_sd": 2.9056274222785583e-05,
    "resid": -0.07438711884316218,
    "rbar": 0.2856364328486188,
    "n_clip": 0
   },
   "S0": {
    "n": 4,
    "I_ksg": 1.141231829852746,
    "I_ksg_sd": 0.0031532735218052594,
    "resid": 0.005192311013943796,
    "resid_sd": 0.002380886982181295,
    "I_gauss": 1.1360395188388022,
    "rbar": 0.2852444250193445
   },
   "S0f": {
    "n": 3,
    "I_ksg": 0.8626037119840481,
    "I_ksg_sd": 0.00590236680129367,
    "resid": 0.006459037888620974,
    "resid_sd": 0.005892209708614396,
    "I_gauss": 0.856144674095427,
    "rbar": 0.24759618673630812
   },
   "S1": {
    "n": 4,
    "I_ksg": 1.1501593490721653,
    "I_ksg_sd": 0.025733977017214887,
    "resid": 0.03156286421919191,
    "resid_sd": 0.010642784403234113,
    "I_gauss": 1.1185964848529735,
    "rbar": 0.3269089970388472
   },
   "S1b": {
    "n": 3,
    "I_ksg": 1.1390397314413978,
    "I_ksg_sd": 0.010161251490308797,
    "resid": 0.02424292723949913,
    "resid_sd": 0.0017867271547853916,
    "I_gauss": 1.1147968042018988,
    "rbar": 0.3202793851012078
   },
   "S1_cal": {
    "A": 4.90876866267244,
    "log_resid": -0.026637867688381653,
    "mode_frac": 0.02515625,
    "var_dG": 0.36609559985140144,
    "clip_frac": 0.04969618055555555,
    "cal_hist": [
     [
      1.0,
      -0.9874663487875491
     ],
     [
      3.0000000000000004,
      -0.23878853455058585
     ],
     [
      4.258901955669344,
      -0.07881440571740919
     ],
     [
      5.0613962288162515,
      -0.019283948266395207
     ],
     [
      5.352498490872,
      0.01951436521354269
     ],
     [
      5.2040484279061285,
      0.020234761694540387
     ],
     [
      11.466926908948292,
      0.2939044758658364
     ],
     [
      4.90876866267244,
      -0.026637867688381653
     ]
    ]
   },
   "S1b_cal": {
    "A": 5.329384734991727,
    "log_resid": 0.0015419794295454259,
    "mode_frac": 0.02515625,
    "var_dG": 0.4357183652814467,
    "clip_frac": 0.0630787037037037,
    "cal_hist": [
     [
      1.0,
      -0.9069814417507582
     ],
     [
      3.0000000000000004,
      -0.28256356762168455
     ],
     [
      4.932075162401177,
      -0.038097792381224876
     ],
     [
      5.329384734991727,
      0.0015419794295454259
     ]
    ]
   },
   "walltime_s": 2383.096654176712,
   "vs_S0": {
    "gap": -0.07934110277057371,
    "gapc": -0.07957942985710598,
    "z": -33.42427862081793,
    "Ig_rel": -0.00020974367086967267,
    "rbar_rel": -0.0013724013612858822
   },
   "vs_S0f": {
    "gap": 0.1992870150981242,
    "gapc": -0.08084615673178315,
    "z": -13.720855286869078,
    "Ig_rel": -0.24653580357520682,
    "rbar_rel": -0.1331771501728254
   },
   "vs_S1": {
    "gap": -0.08826862198999308,
    "gapc": -0.10594998306235409,
    "z": -9.955100004671538,
    "Ig_rel": -0.015560772513312568,
    "rbar_rel": 0.14449334693975113
   },
   "vs_S1b": {
    "gap": -0.07714900435922556,
    "gapc": -0.09863004608266131,
    "z": -55.201515138167814,
    "Ig_rel": -0.018904743941339865,
    "rbar_rel": 0.12128338078969442
   }
  },
  "B": {
   "cfg": {
    "id": "B",
    "ng": 32,
    "template": "line",
    "m": 6,
    "sep": 1
   },
   "N": 32768,
   "cell_mpc": 6.40625,
   "tied_frac": 0.000762939453125,
   "real": {
    "I_gauss": 1.0369720895039616,
    "I_ksg": 0.985913902785164,
    "I_ksg_sd": 2.1168563317140278e-07,
    "resid": -0.05105818671879758,
    "rbar": 0.25526310717391154,
    "n_clip": 0
   },
   "S0": {
    "n": 4,
    "I_ksg": 1.0279557047966872,
    "I_ksg_sd": 0.005784562946635247,
    "resid": -0.007943616533895692,
    "resid_sd": 0.0015763630329018576,
    "I_gauss": 1.035899321330583,
    "rbar": 0.2549389143742177
   },
   "S0f": {
    "n": 3,
    "I_ksg": 0.8725313835368121,
    "I_ksg_sd": 0.008515890587920226,
    "resid": -0.003612961394428497,
    "resid_sd": 0.008558827218227,
    "I_gauss": 0.8761443449312406,
    "rbar": 0.23504824163308136
   },
   "S1": {
    "n": 4,
    "I_ksg": 1.0871021391199296,
    "I_ksg_sd": 0.03134925686459719,
    "resid": 0.03678970086826794,
    "resid_sd": 0.008915682107455972,
    "I_gauss": 1.0503124382516615,
    "rbar": 0.2866367566780711
   },
   "S1b": {
    "n": 3,
    "I_ksg": 1.0553398840309924,
    "I_ksg_sd": 0.009149359605826416,
    "resid": 0.038834182839299215,
    "resid_sd": 0.011355297742069085,
    "I_gauss": 1.0165057011916934,
    "rbar": 0.27442947131590567
   },
   "S1_cal": {
    "A": 1.966480549132276,
    "log_resid": -0.00979479290435568,
    "mode_frac": 0.03728170955882353,
    "var_dG": 0.1177928096012662,
    "clip_frac": 0.00244140625,
    "cal_hist": [
     [
      1.0,
      -0.4109210726131312
     ],
     [
      3.0000000000000004,
      0.21735994737555125
     ],
     [
      2.0514290566412603,
      0.02176406367856796
     ],
     [
      1.966480549132276,
      -0.00979479290435568
     ]
    ]
   },
   "S1b_cal": {
    "A": 1.9634194517732444,
    "log_resid": -0.0079456303392304,
    "mode_frac": 0.03728170955882353,
    "var_dG": 0.12350761532751835,
    "clip_frac": 0.00390625,
    "cal_hist": [
     [
      1.0,
      -0.37794442085807717
     ],
     [
      3.0000000000000004,
      0.19286758211672567
     ],
     [
      2.069713197471488,
      0.07576764646372475
     ],
     [
      1.6278002320126663,
      -0.06114639124146597
     ],
     [
      1.8121159247738712,
      -0.031486284212498855
     ],
     [
      2.0306687487415034,
      0.03593387855217207
     ],
     [
      1.9110909770836606,
      -0.02882309435027558
     ],
     [
      1.9634194517732444,
      -0.0079456303392304
     ]
    ]
   },
   "walltime_s": 67.44681334495544,
   "vs_S0": {
    "gap": -0.04204180201152319,
    "gapc": -0.04311457018490189,
    "z": -27.35066052997587,
    "Ig_rel": -0.0010345198142139081,
    "rbar_rel": -0.001270033900641169
   },
   "vs_S0f": {
    "gap": 0.11338251924835185,
    "gapc": -0.04744522532436909,
    "z": -5.543425999222073,
    "Ig_rel": -0.15509360975149616,
    "rbar_rel": -0.0791922724934071
   },
   "vs_S1": {
    "gap": -0.10118823633476559,
    "gapc": -0.08784788758706552,
    "z": -9.853187510308429,
    "Ig_rel": 0.012864713411989083,
    "rbar_rel": 0.12290710495341807
   },
   "vs_S1b": {
    "gap": -0.06942598124582844,
    "gapc": -0.08989236955809679,
    "z": -7.916337519276462,
    "Ig_rel": -0.019736681941033115,
    "rbar_rel": 0.07508474042406774
   }
  },
  "C": {
   "cfg": {
    "id": "C",
    "ng": 48,
    "template": "block2",
    "m": 8,
    "sep": 1
   },
   "N": 110592,
   "cell_mpc": 4.270833333333333,
   "tied_frac": 0.026204427083333332,
   "real": {
    "I_gauss": 2.203589147544784,
    "I_ksg": 1.9438564230475492,
    "I_ksg_sd": 2.3492084272047417e-05,
    "resid": -0.2597327244972347,
    "rbar": 0.4626842152568493,
    "n_clip": 0
   },
   "S0": {
    "n": 4,
    "I_ksg": 2.164759549969638,
    "I_ksg_sd": 0.0005583620168986714,
    "resid": -0.041477236372791104,
    "resid_sd": 0.0019967582564522288,
    "I_gauss": 2.206236786342429,
    "rbar": 0.4629134129576335
   },
   "S0f": {
    "n": 3,
    "I_ksg": 1.6894415219811805,
    "I_ksg_sd": 0.0006813101967014699,
    "resid": -0.0304312201879892,
    "resid_sd": 0.0007924119338036704,
    "I_gauss": 1.7198727421691695,
    "rbar": 0.4048936523717526
   },
   "S1": {
    "n": 4,
    "I_ksg": 2.197131925665815,
    "I_ksg_sd": 0.02402894988052555,
    "resid": -0.0011866143107225335,
    "resid_sd": 0.017203317791075194,