{
 "snap": "025",
 "z": 3.008131071630377,
 "a": 0.24949283896377986,
 "n_halos": 122422,
 "box": 205.0,
 "k_knn": 4,
 "n_draws": {
  "real": 2,
  "S0": 4,
  "S0f": 3,
  "S1": 4,
  "S1b": 3
 },
 "configs": {
  "A": {
   "cfg": {
    "id": "A",
    "ng": 48,
    "template": "line",
    "m": 6,
    "sep": 1
   },
   "N": 110592,
   "cell_mpc": 4.270833333333333,
   "tied_frac": 0.08050311053240741,
   "real": {
    "I_gauss": 1.1327203789193938,
    "I_ksg": 1.0188413894155666,
    "I_ksg_sd": 1.1285103757290823e-06,
    "resid": -0.11387898950382724,
    "rbar": 0.2849916469752635,
    "n_clip": 0
   },
   "S0": {
    "n": 4,
    "I_ksg": 1.1363583308968739,
    "I_ksg_sd": 0.0015950981349523907,
    "resid": 0.0046644016626891105,
    "resid_sd": 0.001549528624155602,
    "I_gauss": 1.1316939292341848,
    "rbar": 0.28464597803788283
   },
   "S0f": {
    "n": 3,
    "I_ksg": 0.8040477699052602,
    "I_ksg_sd": 0.0032860548391901666,
    "resid": 0.005361544088941998,
    "resid_sd": 0.0032366801888723206,
    "I_gauss": 0.7986862258163182,
    "rbar": 0.23644758172406108
   },
   "S1": {
    "n": 4,
    "I_ksg": 1.1362175550368363,
    "I_ksg_sd": 0.01778415509142017,
    "resid": 0.0005337163967287784,
    "resid_sd": 0.003603040798356873,
    "I_gauss": 1.1356838386401076,
    "rbar": 0.3157904013626641
   },
   "S1b": {
    "n": 3,
    "I_ksg": 1.2581765518752874,
    "I_ksg_sd": 0.02442393057481734,
    "resid": 0.012974817175914533,
    "resid_sd": 0.00966921796109994,
    "I_gauss": 1.245201734699373,
    "rbar": 0.3301473252128708
   },
   "S1_cal": {
    "A": 8.043260605246452,
    "log_resid": 0.007087874952379503,
    "mode_frac": 0.02515625,
    "var_dG": 0.8767932955251669,
    "clip_frac": 0.1459418402777778,
    "cal_hist": [
     [
      1.0,
      -1.055378991241737
     ],
     [
      3.0000000000000004,
      -0.40850708847627537
     ],
     [
      6.003836345266621,
      -0.07873226581175716
     ],
     [
      7.085405122351066,
      -0.02715261476838643
     ],
     [
      7.730956490684715,
      -0.014581737229374184
     ],
     [
      8.553803904718182,
      0.022660054961627457
     ],
     [
      8.043260605246452,
      0.007087874952379503
     ]
    ]
   },
   "S1b_cal": {
    "A": 13.090208680344297,
    "log_resid": 0.08666682232127823,
    "mode_frac": 0.02515625,
    "var_dG": 1.5889086094017089,
    "clip_frac": 0.21267361111111113,
    "cal_hist": [
     [
      1.0,
      -1.015742620884802
     ],
     [
      3.0000000000000004,
      -0.4162700701960055
     ],
     [
      6.433263408187529,
      -0.0815538173939262
     ],
     [
      7.747386722036693,
      -0.056030706987428
     ],
     [
      11.65112480403661,
      0.04549847245560512
     ],
     [
      9.704054163733462,
      0.011678726384647009
     ],
     [
      9.110234003664699,
      0.014142495726674392
     ],
     [
      13.090208680344297,
      0.08666682232127823
     ]
    ]
   },
   "walltime_s": 2397.7201569080353,
   "vs_S0": {
    "gap": -0.11751694148130731,
    "gapc": -0.11854339116651635,
    "z": -76.50287275661992,
    "Ig_rel": -0.0009061809995757874,
    "rbar_rel": -0.0012129090134725855
   },
   "vs_S0f": {
    "gap": 0.2147936195103064,
    "gapc": -0.11924053359276925,
    "z": -36.840381698110676,
    "Ig_rel": -0.2948955093592838,
    "rbar_rel": -0.17033504583878536
   },
   "vs_S1": {
    "gap": -0.11737616562126973,
    "gapc": -0.11441270590055602,
    "z": -31.7544852538813,
    "Ig_rel": 0.002616232369316852,
    "rbar_rel": 0.10806897224631233
   },
   "vs_S1b": {
    "gap": -0.23933516245972086,
    "gapc": -0.12685380667974178,
    "z": -13.119345038046001,
    "Ig_rel": 0.09930196178450096,
    "rbar_rel": 0.1584456201326023
   }
  },
  "B": {
   "cfg": {
    "id": "B",
    "ng": 32,
    "template": "line",
    "m": 6,
    "sep": 1
   },
   "N": 32768,
   "cell_mpc": 6.40625,
   "tied_frac": 0.003662109375,
   "real": {
    "I_gauss": 1.0371877554082198,
    "I_ksg": 0.9545920434571116,
    "I_ksg_sd": 5.724129637268612e-07,
    "resid": -0.08259571195110826,
    "rbar": 0.25176602156265243,
    "n_clip": 0
   },
   "S0": {
    "n": 4,
    "I_ksg": 1.0382152080235052,
    "I_ksg_sd": 0.006090125842169632,
    "resid": -0.006454489914737349,
    "resid_sd": 0.002116568025872337,
    "I_gauss": 1.0446696979382426,
    "rbar": 0.25229149110967863
   },
   "S0f": {
    "n": 3,
    "I_ksg": 0.8296810171541011,
    "I_ksg_sd": 0.00436018439660569,
    "resid": -0.0005415994093963169,
    "resid_sd": 0.004684113982500803,
    "I_gauss": 0.8302226165634975,
    "rbar": 0.22557354129768958
   },
   "S1": {
    "n": 4,
    "I_ksg": 1.0455499705259594,
    "I_ksg_sd": 0.021321600324534385,
    "resid": 0.023445346792529687,
    "resid_sd": 0.013910321404325859,
    "I_gauss": 1.02210462373343,
    "rbar": 0.2689698617857483
   },
   "S1b": {
    "n": 3,
    "I_ksg": 1.0349758417714863,
    "I_ksg_sd": 0.01008479392620604,
    "resid": 0.03700339016723756,
    "resid_sd": 0.009933164481025113,
    "I_gauss": 0.9979724516042486,
    "rbar": 0.2642739675326063
   },
   "S1_cal": {
    "A": 2.567187281216803,
    "log_resid": -0.00302357018873229,
    "mode_frac": 0.03728170955882353,
    "var_dG": 0.22123182116239581,
    "clip_frac": 0.018310546875,
    "cal_hist": [
     [
      1.0,
      -0.5905829150663273
     ],
     [
      3.0000000000000004,
      0.023221435865233196
     ],
     [
      2.8778676110261787,
      0.012409311405166726
     ],
     [
      2.7438092978212727,
      0.024186270953976928
     ],
     [
      3.0262170351761655,
      0.059797409428752536
     ],
     [
      2.567187281216803,
      -0.00302357018873229
     ]
    ]
   },
   "S1b_cal": {
    "A": 2.464256205242514,
    "log_resid": -0.06470730175071976,
    "mode_frac": 0.03728170955882353,
    "var_dG": 0.2265313414858984,
    "clip_frac": 0.017903645833333332,
    "cal_hist": [
     [
      1.0,
      -0.5505239717200442
     ],
     [
      3.0000000000000004,
      0.031740333966226615
     ],
     [
      2.8256116226792787,
      0.032275746382069016
     ],
     [
      49.99999999999999,
      0.5672446025772906
     ],
     [
      2.3758921080607687,
      -0.07108271354737147
     ],
     [
      3.3355619862598416,
      0.09216863199257577
     ],
     [
      2.754116648350524,
      0.03385543690939457
     ],
     [
      2.464256205242514,
      -0.06470730175071976
     ]
    ]
   },
   "walltime_s": 64.19751358032227,
   "vs_S0": {
    "gap": -0.08362316456639363,
    "gapc": -0.07614122203637091,
    "z": -35.973907337558664,
    "Ig_rel": 0.0072136818922221065,
    "rbar_rel": 0.002087134490050472
   },
   "vs_S0f": {
    "gap": 0.12491102630301043,
    "gapc": -0.08205411254171195,
    "z": -17.51753113785332,
    "Ig_rel": -0.19954452582528254,
    "rbar_rel": -0.10403500878471324
   },
   "vs_S1": {
    "gap": -0.09095792706884787,
    "gapc": -0.10604105874363795,
    "z": -7.62319256769014,
    "Ig_rel": -0.014542334882128886,
    "rbar_rel": 0.06833265313689138
   },
   "vs_S1b": {
    "gap": -0.0803837983143747,
    "gapc": -0.11959910211834582,
    "z": -12.040382734707627,
    "Ig_rel": -0.03780926220878563,
    "rbar_rel": 0.04968083418215049
   }
  },
  "C": {
   "cfg": {
    "id": "C",
    "ng": 48,
    "template": "block2",
    "m": 8,
    "sep": 1
   },
   "N": 110592,
   "cell_mpc": 4.270833333333333,
   "tied_frac": 0.08050311053240741,
   "real": {
    "I_gauss": 2.1919607763797755,
    "I_ksg": 1.8078764732650328,
    "I_ksg_sd": 0.00015732501790971228,
    "resid": -0.38408430311474273,
    "rbar": 0.4630931027702049,
    "n_clip": 0
   },
   "S0": {
    "n": 4,
    "I_ksg": 2.15110519632659,
    "I_ksg_sd": 0.011516845145760641,
    "resid": -0.03776862192883901,
    "resid_sd": 0.0025306655770319275,
    "I_gauss": 2.188873818255429,
    "rbar": 0.4623589482269409
   },
   "S0f": {
    "n": 3,
    "I_ksg": 1.5826573980912524,
    "I_ksg_sd": 0.002154557416906099,