{
 "snap": "033",
 "z": 2.0020281392528516,
 "a": 0.3331081367707903,
 "n_halos": 190256,
 "box": 205.0,
 "k_knn": 4,
 "n_draws": {
  "real": 2,
  "S0": 4,
  "S0f": 3,
  "S1": 4,
  "S1b": 3
 },
 "configs": {
  "A": {
   "cfg": {
    "id": "A",
    "ng": 48,
    "template": "line",
    "m": 6,
    "sep": 1
   },
   "N": 110592,
   "cell_mpc": 4.270833333333333,
   "tied_frac": 0.035951967592592594,
   "real": {
    "I_gauss": 1.1348488024502137,
    "I_ksg": 1.0512630865506942,
    "I_ksg_sd": 3.558836531500645e-05,
    "resid": -0.08358571589951946,
    "rbar": 0.2856279891181016,
    "n_clip": 0
   },
   "S0": {
    "n": 4,
    "I_ksg": 1.137137376893829,
    "I_ksg_sd": 0.005376704918418056,
    "resid": 0.004927253434497847,
    "resid_sd": 0.00251941846501111,
    "I_gauss": 1.1322101234593314,
    "rbar": 0.28521284003221964
   },
   "S0f": {
    "n": 3,
    "I_ksg": 0.8528489598477004,
    "I_ksg_sd": 0.0006936332356433172,
    "resid": 0.00640504544842239,
    "resid_sd": 0.0006585501907532559,
    "I_gauss": 0.846443914399278,
    "rbar": 0.24606872406771163
   },
   "S1": {
    "n": 4,
    "I_ksg": 1.1648614465544096,
    "I_ksg_sd": 0.016030964948454532,
    "resid": 0.03345698824960308,
    "resid_sd": 0.012588859359974669,
    "I_gauss": 1.1314044583048064,
    "rbar": 0.32783205557139367
   },
   "S1b": {
    "n": 3,
    "I_ksg": 1.1255994619344492,
    "I_ksg_sd": 0.022354640067899962,
    "resid": 0.026155037068399167,
    "resid_sd": 0.005981391988593251,
    "I_gauss": 1.09944442486605,
    "rbar": 0.3153350771347126
   },
   "S1_cal": {
    "A": 5.518544793017019,
    "log_resid": -0.0038837582906209173,
    "mode_frac": 0.02515625,
    "var_dG": 0.4569210429455513,
    "clip_frac": 0.06705729166666667,
    "cal_hist": [
     [
      1.0,
      -0.95647495001523
     ],
     [
      3.0000000000000004,
      -0.30311007782112764
     ],
     [
      4.994225080213667,
      -0.04964720621879423
     ],
     [
      5.518544793017019,
      -0.0038837582906209173
     ]
    ]
   },
   "S1b_cal": {
    "A": 5.494442582194052,
    "log_resid": -0.01584248051970466,
    "mode_frac": 0.02515625,
    "var_dG": 0.4999096083578168,
    "clip_frac": 0.07899305555555557,
    "cal_hist": [
     [
      1.0,
      -0.955327349933127
     ],
     [
      3.0000000000000004,
      -0.2952568391625043
     ],
     [
      4.903914260523772,
      -0.0374763057441012
     ],
     [
      5.2670840032596065,
      -0.017038855164640737
     ],
     [
      5.590337144317108,
      -0.017788936037387335
     ],
     [
      1.3613120528860627,
      -0.7959771757500658
     ],
     [
      5.773800950820889,
      0.02829183795846285
     ],
     [
      5.494442582194052,
      -0.01584248051970466
     ]
    ]
   },
   "walltime_s": 2390.5039501190186,
   "vs_S0": {
    "gap": -0.08587429034313487,
    "gapc": -0.08851296933401731,
    "z": -35.1323015859642,
    "Ig_rel": -0.002325137044851476,
    "rbar_rel": -0.0014534608011062798
   },
   "vs_S0f": {
    "gap": 0.19841412670299385,
    "gapc": -0.08999076134794186,
    "z": -136.649814412793,
    "Ig_rel": -0.25413507722636747,
    "rbar_rel": -0.13849925972777477
   },
   "vs_S1": {
    "gap": -0.11359836000371537,
    "gapc": -0.11704270414912255,
    "z": -9.297323991183111,
    "Ig_rel": -0.00303506875803254,
    "rbar_rel": 0.14775886139030128
   },
   "vs_S1b": {
    "gap": -0.07433637538375493,
    "gapc": -0.10974075296791863,
    "z": -18.34702577212772,
    "Ig_rel": -0.031197440141561863,
    "rbar_rel": 0.10400622189839974
   }
  },
  "B": {
   "cfg": {
    "id": "B",
    "ng": 32,
    "template": "line",
    "m": 6,
    "sep": 1
   },
   "N": 32768,
   "cell_mpc": 6.40625,
   "tied_frac": 0.001007080078125,
   "real": {
    "I_gauss": 1.0453998761040058,
    "I_ksg": 0.989289661012215,
    "I_ksg_sd": 4.487093129308311e-08,
    "resid": -0.056110215091790705,
    "rbar": 0.25524074075496067,
    "n_clip": 0
   },
   "S0": {
    "n": 4,
    "I_ksg": 1.0412882301816069,
    "I_ksg_sd": 0.00532311223186008,
    "resid": -0.01034735122524083,
    "resid_sd": 0.0048466192610812555,
    "I_gauss": 1.0516355814068477,
    "rbar": 0.2560301376494512
   },
   "S0f": {
    "n": 3,
    "I_ksg": 0.8717270037651446,
    "I_ksg_sd": 0.0065783838407958385,
    "resid": -0.004894056208043396,
    "resid_sd": 0.006686204021773634,
    "I_gauss": 0.876621059973188,
    "rbar": 0.23447697564811507
   },
   "S1": {
    "n": 4,
    "I_ksg": 1.0467192949937374,
    "I_ksg_sd": 0.015133129823490637,
    "resid": 0.031104744482978897,
    "resid_sd": 0.005345543332819301,
    "I_gauss": 1.0156145505107586,
    "rbar": 0.2814609810793996
   },
   "S1b": {
    "n": 3,
    "I_ksg": 1.0684377514661516,
    "I_ksg_sd": 0.02711093261704978,
    "resid": 0.0337093828724675,
    "resid_sd": 0.01566709604788909,
    "I_gauss": 1.0347283685936841,
    "rbar": 0.27852899373005213
   },
   "S1_cal": {
    "A": 2.026064079691914,
    "log_resid": -0.011620795599611294,
    "mode_frac": 0.03728170955882353,
    "var_dG": 0.13521097090591716,
    "clip_frac": 0.003173828125,
    "cal_hist": [
     [
      1.0,
      -0.4061801078967249
     ],
     [
      3.0000000000000004,
      0.17352676510343115
     ],
     [
      2.159245347594146,
      0.012716236639565136
     ],
     [
      2.1038192828678586,
      -0.013884085118720465
     ],
     [
      2.1325691661434543,
      -0.014748485617915408
     ],
     [
      1.6917153003567174,
      -0.11281064920981443
     ],
     [
      2.2081555729542153,
      0.05383233659643975
     ],
     [
      2.026064079691914,
      -0.011620795599611294
     ]
    ]
   },
   "S1b_cal": {
    "A": 2.1277616591381463,
    "log_resid": 0.009882399727577595,
    "mode_frac": 0.03728170955882353,
    "var_dG": 0.14977645603284925,
    "clip_frac": 0.004231770833333333,
    "cal_hist": [
     [
      1.0,
      -0.4503370488609739
     ],
     [
      3.0000000000000004,
      0.14595234262504408
     ],
     [
      2.292648179637762,
      0.04018430970220263
     ],
     [
      2.0699882679792228,
      -0.014820780404463899
     ],
     [
      2.1277616591381463,
      0.009882399727577595
     ]
    ]
   },
   "walltime_s": 62.141239404678345,
   "vs_S0": {
    "gap": -0.05199856916939183,
    "gapc": -0.045762863866549874,
    "z": -9.442223826829016,
    "Ig_rel": 0.005964899600027803,
    "rbar_rel": 0.0030927542842714966
   },
   "vs_S0f": {
    "gap": 0.11756265724707049,
    "gapc": -0.05121615888374731,
    "z": -7.65997548339264,
    "Ig_rel": -0.1614490492956842,
    "rbar_rel": -0.08134972906531206
   },
   "vs_S1": {
    "gap": -0.05742963398152234,
    "gapc": -0.0872149595747696,
    "z": -16.31545273224292,
    "Ig_rel": -0.028491801342325672,
    "rbar_rel": 0.1027274887499688
   },
   "vs_S1b": {
    "gap": -0.07914809045393656,
    "gapc": -0.0898195979642582,
    "z": -5.733008701147273,
    "Ig_rel": -0.010208062727242896,
    "rbar_rel": 0.09124034394434286
   }
  },
  "C": {
   "cfg": {
    "id": "C",
    "ng": 48,
    "template": "block2",
    "m": 8,
    "sep": 1
   },
   "N": 110592,
   "cell_mpc": 4.270833333333333,
   "tied_frac": 0.035951967592592594,
   "real": {
    "I_gauss": 2.1953570377021974,
    "I_ksg": 1.9030274877805624,
    "I_ksg_sd": 3.0202052525618227e-05,
    "resid": -0.29232954992163496,
    "rbar": 0.4631425470552335,
    "n_clip": 0
   },
   "S0": {
    "n": 4,
    "I_ksg": 2.158709307605701,
    "I_ksg_sd": 0.004660997445145712,
    "resid": -0.040241800396112914,
    "resid_sd": 0.0016254163345752648,
    "I_gauss": 2.198951108001814,
    "rbar": 0.4640631314937016
   },
   "S0f": {
    "n": 3,
    "I_ksg": 1.6652893301651754,
    "I_ksg_sd": 0.0035962013775819915,
    "resid": -0.02854178970999695,
    "resid_sd": 0.003468554457855262,
    "I_gauss": 1.6938311198751723,
    "rbar": 0.4022476843699277
   },
   "S1": {
    "n": 4,
    "I_ksg": 2.1900881930061686,
    "I_ksg_sd": 0.03893731760306061,