{
 "snap": "067",
 "z": 0.5030475232448832,
 "a": 0.6653149581332802,
 "n_halos": 229835,
 "box": 205.0,
 "k_knn": 4,
 "n_draws": {
  "real": 2,
  "S0": 4,
  "S0f": 3,
  "S1": 4,
  "S1b": 3
 },
 "configs": {
  "A": {
   "cfg": {
    "id": "A",
    "ng": 48,
    "template": "line",
    "m": 6,
    "sep": 1
   },
   "N": 110592,
   "cell_mpc": 4.270833333333333,
   "tied_frac": 0.026077835648148147,
   "real": {
    "I_gauss": 1.1494223196336033,
    "I_ksg": 1.0730407560411344,
    "I_ksg_sd": 1.4770100186468433e-05,
    "resid": -0.07638156359246895,
    "rbar": 0.285664684396487,
    "n_clip": 0
   },
   "S0": {
    "n": 4,
    "I_ksg": 1.15434393184427,
    "I_ksg_sd": 0.006312198777756625,
    "resid": 0.0046378820930639275,
    "resid_sd": 0.0018075840902363589,
    "I_gauss": 1.1497060497512062,
    "rbar": 0.28492564421144095
   },
   "S0f": {
    "n": 3,
    "I_ksg": 0.8654865436681902,
    "I_ksg_sd": 0.0018500098559260222,
    "resid": 0.005076433737327209,
    "resid_sd": 0.0019768854667744124,
    "I_gauss": 0.860410109930863,
    "rbar": 0.24900468910866747
   },
   "S1": {
    "n": 4,
    "I_ksg": 1.1704511881998414,
    "I_ksg_sd": 0.01578169767434198,
    "resid": 0.03391227186784285,
    "resid_sd": 0.016320967433465252,
    "I_gauss": 1.1365389163319985,
    "rbar": 0.3324470470924236
   },
   "S1b": {
    "n": 3,
    "I_ksg": 1.1742083075483265,
    "I_ksg_sd": 0.01953927545537969,
    "resid": 0.026310778804644757,
    "resid_sd": 0.01031138655241296,
    "I_gauss": 1.147897528743682,
    "rbar": 0.3285168013725384
   },
   "S1_cal": {
    "A": 4.780726979204495,
    "log_resid": -0.002555563636959801,
    "mode_frac": 0.02515625,
    "var_dG": 0.35442061994459784,
    "clip_frac": 0.04752604166666667,
    "cal_hist": [
     [
      1.0,
      -0.9442179945849027
     ],
     [
      3.0000000000000004,
      -0.2621476125075483
     ],
     [
      4.576131698674697,
      -0.03209922356923231
     ],
     [
      4.853841602030122,
      0.011138842585028175
     ],
     [
      4.780726979204495,
      -0.002555563636959801
     ]
    ]
   },
   "S1b_cal": {
    "A": 5.0315723755776505,
    "log_resid": 0.0008341457611254488,
    "mode_frac": 0.02515625,
    "var_dG": 0.40670480154659144,
    "clip_frac": 0.05859375,
    "cal_hist": [
     [
      1.0,
      -0.9124402023075273
     ],
     [
      3.0000000000000004,
      -0.24098467404462492
     ],
     [
      4.4499954296504995,
      -0.057240108011262864
     ],
     [
      5.0315723755776505,
      0.0008341457611254488
     ]
    ]
   },
   "walltime_s": 2389.333969116211,
   "vs_S0": {
    "gap": -0.08130317580313573,
    "gapc": -0.08101944568553288,
    "z": -44.82195109104928,
    "Ig_rel": 0.00024684583965038843,
    "rbar_rel": -0.0025870897783791527
   },
   "vs_S0f": {
    "gap": 0.20755421237294414,
    "gapc": -0.08145799732979615,
    "z": -41.20521835931507,
    "Ig_rel": -0.25144127164232166,
    "rbar_rel": -0.12833226258005861
   },
   "vs_S1": {
    "gap": -0.09741043215870704,
    "gapc": -0.1102938354603118,
    "z": -6.757800106515764,
    "Ig_rel": -0.011208589812064504,
    "rbar_rel": 0.1637667000902542
   },
   "vs_S1b": {
    "gap": -0.10116755150719214,
    "gapc": -0.10269234239711371,
    "z": -9.959120616332898,
    "Ig_rel": -0.0013265714993314763,
    "rbar_rel": 0.15000845157525666
   }
  },
  "B": {
   "cfg": {
    "id": "B",
    "ng": 32,
    "template": "line",
    "m": 6,
    "sep": 1
   },
   "N": 32768,
   "cell_mpc": 6.40625,
   "tied_frac": 0.000518798828125,
   "real": {
    "I_gauss": 1.036691165801576,
    "I_ksg": 0.9971029358926913,
    "I_ksg_sd": 3.912812092183439e-08,
    "resid": -0.039588229908884776,
    "rbar": 0.25586795200966056,
    "n_clip": 0
   },
   "S0": {
    "n": 4,
    "I_ksg": 1.0394468748191539,
    "I_ksg_sd": 0.01578778462987398,
    "resid": -0.0029621284805502746,
    "resid_sd": 0.004904097819505262,
    "I_gauss": 1.0424090032997042,
    "rbar": 0.25598409080419504
   },
   "S0f": {
    "n": 3,
    "I_ksg": 0.8691298398285241,
    "I_ksg_sd": 0.0022280210115381578,
    "resid": -0.004955287643653013,
    "resid_sd": 0.0015423322546368392,
    "I_gauss": 0.8740851274721771,
    "rbar": 0.2363848501553678
   },
   "S1": {
    "n": 4,
    "I_ksg": 1.0508707743961576,
    "I_ksg_sd": 0.012562713425279077,
    "resid": 0.022950013866964603,
    "resid_sd": 0.010574732131553499,
    "I_gauss": 1.0279207605291931,
    "rbar": 0.27956300764781794
   },
   "S1b": {
    "n": 3,
    "I_ksg": 1.0817260736861982,
    "I_ksg_sd": 0.007818345217786416,
    "resid": 0.024547039620706295,
    "resid_sd": 0.001664684640931904,
    "I_gauss": 1.057179034065492,
    "rbar": 0.28289028434562435
   },
   "S1_cal": {
    "A": 1.7784822619513463,
    "log_resid": -0.043643337944131326,
    "mode_frac": 0.03728170955882353,
    "var_dG": 0.1059139625693283,
    "clip_frac": 0.001953125,
    "cal_hist": [
     [
      1.0,
      -0.4060276919941537
     ],
     [
      3.0000000000000004,
      0.22617735755347781
     ],
     [
      2.0250073173202447,
      0.06346726541344633
     ],
     [
      1.7371800928373455,
      -0.04913179711841162
     ],
     [
      1.8573652524483075,
      0.02840978667692736
     ],
     [
      1.8123957441089251,
      0.020099059584386257
     ],
     [
      1.7080885891655302,
      -0.04297196792576434
     ],
     [
      1.7784822619513463,
      -0.043643337944131326
     ]
    ]
   },
   "S1b_cal": {
    "A": 1.8789513840406569,
    "log_resid": 0.0006456275733695074,
    "mode_frac": 0.03728170955882353,
    "var_dG": 0.11769241738546288,
    "clip_frac": 0.001953125,
    "cal_hist": [
     [
      1.0,
      -0.3249082957314581
     ],
     [
      3.0000000000000004,
      0.25576106864325115
     ],
     [
      1.8491361400876472,
      -0.010898420372336237
     ],
     [
      1.8860701903710901,
      0.014178693672173566
     ],
     [
      1.8650978377179286,
      -0.027747086432589465
     ],
     [
      1.8789513840406569,
      0.0006456275733695074
     ]
    ]
   },
   "walltime_s": 66.48581433296204,
   "vs_S0": {
    "gap": -0.0423439389264626,
    "gapc": -0.0366261014283345,
    "z": -7.468468773738579,
    "Ig_rel": 0.005515468527897685,
    "rbar_rel": 0.0004539012940944502
   },
   "vs_S0f": {
    "gap": 0.12797309606416718,
    "gapc": -0.03463294226523176,
    "z": -22.454916676424244,
    "Ig_rel": -0.15685099255540672,
    "rbar_rel": -0.07614514323215103
   },
   "vs_S1": {
    "gap": -0.053767838503466336,
    "gapc": -0.06253824377584938,
    "z": -5.913931719295673,
    "Ig_rel": -0.008459998080143374,
    "rbar_rel": 0.0926065787139405
   },
   "vs_S1b": {
    "gap": -0.08462313779350694,
    "gapc": -0.06413526952959107,
    "z": -38.52697859559011,
    "Ig_rel": 0.01976274992955561,
    "rbar_rel": 0.10561046087922546
   }
  },
  "C": {
   "cfg": {
    "id": "C",
    "ng": 48,
    "template": "block2",
    "m": 8,
    "sep": 1
   },
   "N": 110592,
   "cell_mpc": 4.270833333333333,
   "tied_frac": 0.026077835648148147,
   "real": {
    "I_gauss": 2.231935626058422,
    "I_ksg": 1.9887189480688576,
    "I_ksg_sd": 5.257486061048204e-05,
    "resid": -0.24321667798956437,
    "rbar": 0.46484637880491514,
    "n_clip": 0
   },
   "S0": {
    "n": 4,
    "I_ksg": 2.189058102041532,
    "I_ksg_sd": 0.007604042404296235,
    "resid": -0.04224875981395104,
    "resid_sd": 0.0008808239024941906,
    "I_gauss": 2.231306861855483,
    "rbar": 0.46482406392766784
   },
   "S0f": {
    "n": 3,
    "I_ksg": 1.7019660236920042,
    "I_ksg_sd": 0.0007792447494783409,
    "resid": -0.031087288421546882,
    "resid_sd": 0.0004233077187256682,
    "I_gauss": 1.733053312113551,
    "rbar": 0.40700958105262247
   },
   "S1": {
    "n": 4,
    "I_ksg": 2.253221142459953,
    "I_ksg_sd": 0.020233892300118024,
    "resid": 0.00789704912234257,
    "resid_sd": 0.016331654102415005,
    "I_gauss": 2.2453240933376106,
    "rbar": 0.505269506972408
   },