{
  "epoch_split": {
    "worm": "Venkatachalam2024/worm11",
    "results_by_epoch": {
      "all": {
        "within": {
          "command": {
            "n": 8,
            "mean_abs_rho": 0.4069026636591079,
            "std_abs_rho": 0.3517478178826513
          },
          "interneuron": {
            "n": 42,
            "mean_abs_rho": 0.5158173945701476,
            "std_abs_rho": 0.2539297218430913
          },
          "motor": {
            "n": 53,
            "mean_abs_rho": 0.5116002031938387,
            "std_abs_rho": 0.24520467852569924
          },
          "sensory": {
            "n": 69,
            "mean_abs_rho": 0.47900509923580165,
            "std_abs_rho": 0.23532383503335222
          }
        },
        "cross": {
          "command\u2194interneuron": 0.8947877499932136,
          "command\u2194motor": 0.8593408014268576,
          "command\u2194sensory": 0.8820907422687246,
          "interneuron\u2194motor": 0.9632192670836498,
          "interneuron\u2194sensory": 0.9522606073238324,
          "motor\u2194sensory": 0.8983128308266783
        },
        "n_timesteps": 5496
      },
      "active": {
        "within": {
          "command": {
            "n": 8,
            "mean_abs_rho": 0.48006374697646104,
            "std_abs_rho": 0.323151361801335
          },
          "interneuron": {
            "n": 42,
            "mean_abs_rho": 0.6228336724917845,
            "std_abs_rho": 0.22639671417057292
          },
          "motor": {
            "n": 53,
            "mean_abs_rho": 0.576261745207666,
            "std_abs_rho": 0.24545173756720542
          },
          "sensory": {
            "n": 69,
            "mean_abs_rho": 0.5260455925047401,
            "std_abs_rho": 0.243716980896593
          }
        },
        "cross": {
          "command\u2194interneuron": 0.930490476444699,
          "command\u2194motor": 0.8610330423893738,
          "command\u2194sensory": 0.9290069855075866,
          "interneuron\u2194motor": 0.9728179574672556,
          "interneuron\u2194sensory": 0.949226723835177,
          "motor\u2194sensory": 0.8950711701577093
        },
        "n_timesteps": 1814
      },
      "intermediate": {
        "within": {
          "command": {
            "n": 8,
            "mean_abs_rho": 0.3842640641907054,
            "std_abs_rho": 0.3282889788764469
          },
          "interneuron": {
            "n": 42,
            "mean_abs_rho": 0.5332801260810338,
            "std_abs_rho": 0.22077771618363604
          },
          "motor": {
            "n": 53,
            "mean_abs_rho": 0.47447072714119043,
            "std_abs_rho": 0.2351078446804725
          },
          "sensory": {
            "n": 69,
            "mean_abs_rho": 0.4588273837358446,
            "std_abs_rho": 0.28856187704754993
          }
        },
        "cross": {
          "command\u2194interneuron": 0.8181822957384624,
          "command\u2194motor": 0.7614038377011717,
          "command\u2194sensory": 0.8008836412997,
          "interneuron\u2194motor": 0.9578234231079404,
          "interneuron\u2194sensory": 0.9626385843148109,
          "motor\u2194sensory": 0.9265194211224671
        },
        "n_timesteps": 1868
      },
      "quiet": {
        "within": {
          "command": {
            "n": 8,
            "mean_abs_rho": 0.4273431829918353,
            "std_abs_rho": 0.28209996335950366
          },
          "interneuron": {
            "n": 42,
            "mean_abs_rho": 0.3641563730026996,
            "std_abs_rho": 0.24451613169106215
          },
          "motor": {
            "n": 53,
            "mean_abs_rho": 0.45380435202658126,
            "std_abs_rho": 0.2381154125608188
          },
          "sensory": {
            "n": 69,
            "mean_abs_rho": 0.3566527083158995,
            "std_abs_rho": 0.255382239966491
          }
        },
        "cross": {
          "command\u2194interneuron": 0.48633089132168983,
          "command\u2194motor": 0.5209959868018399,
          "command\u2194sensory": 0.5228458158963717,
          "interneuron\u2194motor": 0.8564221867339711,
          "interneuron\u2194sensory": 0.925276331148366,
          "motor\u2194sensory": 0.9070549419638646
        },
        "n_timesteps": 1814
      }
    }
  },
  "multi_worm": [
    {
      "dataset": "Venkatachalam2024",
      "worm": "worm10",
      "n_neurons": 172,
      "T": 5496,
      "classes": {
        "command": {
          "n": 8,
          "mean_abs_rho": 0.4069026636591079,
          "std_abs_rho": 0.3517478178826513
        },
        "interneuron": {
          "n": 42,
          "mean_abs_rho": 0.5158173945701476,
          "std_abs_rho": 0.2539297218430913
        },
        "motor": {
          "n": 53,
          "mean_abs_rho": 0.5116002031938387,
          "std_abs_rho": 0.24520467852569924
        },
        "sensory": {
          "n": 69,
          "mean_abs_rho": 0.47900509923580165,
          "std_abs_rho": 0.23532383503335222
        }
      },
      "cross_mean": 0.9083353331538261,
      "cross_std": 0.037226572424336316
    },
    {
      "dataset": "Venkatachalam2024",
      "worm": "worm1",
      "n_neurons": 172,
      "T": 5496,
      "classes": {
        "command": {
          "n": 8,
          "mean_abs_rho": 0.45715668800782955,
          "std_abs_rho": 0.32551835640115395
        },
        "interneuron": {
          "n": 42,
          "mean_abs_rho": 0.454491175105217,
          "std_abs_rho": 0.24558277135826584
        },
        "motor": {
          "n": 53,
          "mean_abs_rho": 0.3716519881916248,
          "std_abs_rho": 0.24290905996804776
        },
        "sensory": {
          "n": 69,
          "mean_abs_rho": 0.37986747751927524,
          "std_abs_rho": 0.23421062846019636
        }
      },
      "cross_mean": 0.8777807488946934,
      "cross_std": 0.04014593850849576
    },
    {
      "dataset": "Venkatachalam2024",
      "worm": "worm18",
      "n_neurons": 172,
      "T": 5496,
      "classes": {
        "command": {
          "n": 8,
          "mean_abs_rho": 0.4677769161652989,
          "std_abs_rho": 0.3494813691033792
        },
        "interneuron": {
          "n": 42,
          "mean_abs_rho": 0.5012837997825246,
          "std_abs_rho": 0.25639820502581306
        },
        "motor": {
          "n": 53,
          "mean_abs_rho": 0.43718932720266307,
          "std_abs_rho": 0.25473580756260866
        },
        "sensory": {
          "n": 69,
          "mean_abs_rho": 0.4711019994820052,
          "std_abs_rho": 0.24178382550497887
        }
      },
      "cross_mean": 0.8718904934096031,
      "cross_std": 0.05509964386566449
    },
    {
      "dataset": "Venkatachalam2024",
      "worm": "worm16",
      "n_neurons": 172,
      "T": 5496,
      "classes": {
        "command": {
          "n": 8,
          "mean_abs_rho": 0.44747490649492744,
          "std_abs_rho": 0.35445129488172494
        },
        "interneuron": {
          "n": 42,
          "mean_abs_rho": 0.43628067988882974,
          "std_abs_rho": 0.25461099026513256
        },
        "motor": {
          "n": 53,
          "mean_abs_rho": 0.4487259590336343,
          "std_abs_rho": 0.24041250585904914
        },
        "sensory": {
          "n": 69,
          "mean_abs_rho": 0.48823639328638146,
          "std_abs_rho": 0.24520387789657042
        }
      },
      "cross_mean": 0.9043496922985518,
      "cross_std": 0.053561702690352125
    },
    {
      "dataset": "Venkatachalam2024",
      "worm": "worm9",
      "n_neurons": 172,
      "T": 5496,
      "classes": {
        "command": {
          "n": 8,
          "mean_abs_rho": 0.5257555328596066,
          "std_abs_rho": 0.28596799640288606
        },
        "interneuron": {
          "n": 42,
          "mean_abs_rho": 0.5442410241930774,
          "std_abs_rho": 0.23374544583869156
        },
        "motor": {
          "n": 53,
          "mean_abs_rho": 0.5020449989970723,