{
 "S1_precision_20ms": {
  "bin_ms": 20,
  "smooth_sigma": 1.0,
  "shape": [
   142,
   14684
  ],
  "n_surrogate": 2000,
  "real": {
   "mu": 0.03082349457055203,
   "se": 0.0034907690431777594,
   "z": 8.830001120229486,
   "abs_z": 8.830001120229486,
   "abs_mu": 0.03082349457055203,
   "pair": [
    0,
    1
   ],
   "T": 14684
  },
  "nulls": {
   "A": {
    "n": 2000,
    "abs_z": {
     "mean": 1.661447667707764,
     "sd": 0.559746151851746,
     "median": 1.5865479138403282,
     "p95": 2.697512062166293,
     "p99": 3.286207521927583,
     "max": 3.881918559727022
    },
    "abs_mu": {
     "mean": 0.015734996627726656,
     "sd": 0.005236724626482728,
     "median": 0.015034719297513852,
     "p95": 0.025608202656633664,
     "p99": 0.030318375583309753,
     "max": 0.03585684145504455
    },
    "outer_abs_mu": {
     "stat": "abs_mu",
     "real": 0.03082349457055203,
     "null_mean": 0.015734996627726656,
     "null_sd": 0.005236724626482728,
     "z_outer": 2.881285348960508,
     "null_median": 0.015034719297513852,
     "null_p95": 0.025608202656633664,
     "null_p99": 0.030318375583309753,
     "null_max": 0.03585684145504455,
     "n_null": 2000,
     "n_null_ge_real": 17,
     "p_onesided": 0.008995502248875561
    },
    "outer_abs_z": {
     "stat": "abs_z",
     "real": 8.830001120229486,
     "null_mean": 1.661447667707764,
     "null_sd": 0.559746151851746,
     "z_outer": 12.806793631017905,
     "null_median": 1.5865479138403282,
     "null_p95": 2.697512062166293,
     "null_p99": 3.286207521927583,
     "null_max": 3.881918559727022,
     "n_null": 2000,
     "n_null_ge_real": 0,
     "p_onesided": 0.0004997501249375312
    }
   },
   "B1": {
    "n": 2000,
    "abs_z": {
     "mean": 1.682486044276448,
     "sd": 0.5573229777031493,
     "median": 1.6252033187279626,
     "p95": 2.7106084329018136,
     "p99": 3.1139006649093863,
     "max": 4.103565069198792
    },
    "abs_mu": {
     "mean": 0.0142347472112829,
     "sd": 0.004731822862965443,
     "median": 0.013801918083582106,
     "p95": 0.022769804532594785,
     "p99": 0.027034520675049446,
     "max": 0.03326626884069081
    },
    "outer_abs_mu": {
     "stat": "abs_mu",
     "real": 0.03082349457055203,
     "null_mean": 0.0142347472112829,
     "null_sd": 0.004731822862965443,
     "z_outer": 3.5057836778093012,
     "null_median": 0.013801918083582106,
     "null_p95": 0.022769804532594785,
     "null_p99": 0.027034520675049446,
     "null_max": 0.03326626884069081,
     "n_null": 2000,
     "n_null_ge_real": 3,
     "p_onesided": 0.001999000499750125
    },
    "outer_abs_z": {
     "stat": "abs_z",
     "real": 8.830001120229486,
     "null_mean": 1.682486044276448,
     "null_sd": 0.5573229777031493,
     "z_outer": 12.824727064743538,
     "null_median": 1.6252033187279626,
     "null_p95": 2.7106084329018136,
     "null_p99": 3.1139006649093863,
     "null_max": 4.103565069198792,
     "n_null": 2000,
     "n_null_ge_real": 0,
     "p_onesided": 0.0004997501249375312
    }
   }
  }
 },
 "S2_frozen_headline_50ms_sig2.5": {
  "bin_ms": 50,
  "smooth_sigma": 2.5,
  "shape": [
   142,
   5874
  ],
  "n_surrogate": 200,
  "real": {
   "mu": -0.10381770697178594,
   "se": 0.002357897000986311,
   "z": -44.02978878395837,
   "abs_z": 44.02978878395837,
   "abs_mu": 0.10381770697178594,
   "pair": [
    0,
    1
   ],
   "T": 5874
  },
  "nulls": {
   "P": {
    "n": 200,
    "abs_z": {
     "mean": 11.271260254631127,
     "sd": 1.8482879287498062,
     "median": 11.225330308965626,
     "p95": 14.301408451087672,
     "p99": 16.327234182851086,
     "max": 18.34650732231582
    },
    "abs_mu": {
     "mean": 0.06781282214980205,
     "sd": 0.00643490700913907,
     "median": 0.06839976781977002,
     "p95": 0.07809202186364458,
     "p99": 0.08126496805790108,
     "max": 0.08985231192745874
    },
    "outer_abs_mu": {
     "stat": "abs_mu",
     "real": 0.10381770697178594,
     "null_mean": 0.06781282214980205,
     "null_sd": 0.00643490700913907,
     "z_outer": 5.5952455522431865,
     "null_median": 0.06839976781977002,
     "null_p95": 0.07809202186364458,
     "null_p99": 0.08126496805790108,
     "null_max": 0.08985231192745874,
     "n_null": 200,
     "n_null_ge_real": 0,
     "p_onesided": 0.004975124378109453
    },
    "outer_abs_z": {
     "stat": "abs_z",
     "real": 44.02978878395837,
     "null_mean": 11.271260254631127,
     "null_sd": 1.8482879287498062,
     "z_outer": 17.723715022845663,
     "null_median": 11.225330308965626,
     "null_p95": 14.301408451087672,
     "null_p99": 16.327234182851086,
     "null_max": 18.34650732231582,
     "n_null": 200,
     "n_null_ge_real": 0,
     "p_onesided": 0.004975124378109453
    }
   },
   "A": {
    "n": 200,
    "abs_z": {
     "mean": 1.7377910136793804,
     "sd": 0.6100172647735156,
     "median": 1.6393385281484791,
     "p95": 2.8428392527981705,
     "p99": 3.611302759958335,
     "max": 4.299258439831968
    },
    "abs_mu": {
     "mean": 0.015870921360612373,
     "sd": 0.005374278991155384,
     "median": 0.015627049251700862,
     "p95": 0.024975550299940218,
     "p99": 0.03181261808475778,
     "max": 0.03454754832576008
    },
    "outer_abs_mu": {
     "stat": "abs_mu",
     "real": 0.10381770697178594,
     "null_mean": 0.015870921360612373,
     "null_sd": 0.005374278991155384,
     "z_outer": 16.36438781014352,
     "null_median": 0.015627049251700862,
     "null_p95": 0.024975550299940218,
     "null_p99": 0.03181261808475778,
     "null_max": 0.03454754832576008,
     "n_null": 200,
     "n_null_ge_real": 0,
     "p_onesided": 0.004975124378109453
    },
    "outer_abs_z": {
     "stat": "abs_z",
     "real": 44.02978878395837,
     "null_mean": 1.7377910136793804,
     "null_sd": 0.6100172647735156,
     "z_outer": 69.32918166829421,
     "null_median": 1.6393385281484791,
     "null_p95": 2.8428392527981705,
     "null_p99": 3.611302759958335,
     "null_max": 4.299258439831968,
     "n_null": 200,
     "n_null_ge_real": 0,
     "p_onesided": 0.004975124378109453
    }
   },
   "B1": {
    "n": 200,
    "abs_z": {
     "mean": 2.2824115039320914,
     "sd": 0.6739904768284858,
     "median": 2.21592804218401,
     "p95": 3.55411581594022,
     "p99": 3.9676981475965216,
     "max": 4.284332789748436
    },
    "abs_mu": {
     "mean": 0.015276925384285956,
     "sd": 0.004467135674758038,
     "median": 0.015070305763843335,
     "p95": 0.023086592738774468,
     "p99": 0.02676014137659042,
     "max": 0.02906535249788682
    },
    "outer_abs_mu": {
     "stat": "abs_mu",
     "real": 0.10381770697178594,
     "null_mean": 0.015276925384285956,
     "null_sd": 0.004467135674758038,
     "z_outer": 19.820481855477958,
     "null_median": 0.015070305763843335,
     "null_p95": 0.023086592738774468,
     "null_p99": 0.02676014137659042,
     "null_max": 0.02906535249788682,
     "n_null": 200,
     "n_null_ge_real": 0,
     "p_onesided": 0.004975124378109453
    },
    "outer_abs_z": {
     "stat": "abs_z",
     "real": 44.02978878395837,
     "null_mean": 2.2824115039320914,
     "null_sd": 0.6739904768284858,
     "z_outer": 61.94060408163597,
     "null_median": 2.21592804218401,
     "null_p95": 3.55411581594022,
     "null_p99": 3.9676981475965216,
     "null_max": 4.284332789748436,
     "n_null": 200,
     "n_null_ge_real": 0,
     "p_onesided": 0.004975124378109453
    }
   },
   "B0": {
    "n": 200,
    "abs_z": {
     "mean": 10.882005238615031,
     "sd": 1.6029146120158877,
     "median": 10.690945139996366,
     "p95": 13.90253877195711,
     "p99": 14.828856103852841,
     "max": 16.650174280847782
    },
    "abs_mu": {
     "mean": 0.05787898059187444,
     "sd": 0.006204881021184564,
     "median": 0.05669905216085941,
     "p95": 0.06948445303428824,
     "p99": 0.07378408135287154,
     "max": 0.07485723658524046
    },
    "outer_abs_mu": {
     "stat": "abs_mu",
     "real": 0.10381770697178594,
     "null_mean": 0.05787898059187444,