{
 "task": "P4 intensive fence \u2014 Task 1 (S/k from frozen primary records)",
 "note": "phantom (w<-1) <=> measure RISING (dlnY/dlna > 0)",
 "intensive_S_over_k": {
  "name": "S/k",
  "a": [
   0.24949283896377986,
   0.30155808331261197,
   0.3644885279628326,
   0.42416436072959446,
   0.4912772627279358,
   0.5583260161014446,
   0.6466664866145445,
   0.7525418658117033,
   0.8674917093619414,
   0.9999999999999998
  ],
  "y": [
   0.17941609857458304,
   0.21563672719813715,
   0.24005664467456922,
   0.2501034832328078,
   0.25876124387340177,
   0.2630222306537745,
   0.2614777163583813,
   0.25652726256546293,
   0.2526639998329276,
   0.24757233401713682
  ],
  "dlnY_dlna_spline": [
   1.1751757595073993,
   0.766688523199641,
   0.3667890414339335,
   0.23586800613978104,
   0.19683872992301182,
   0.046363364536767857,
   -0.10574104307272142,
   -0.12042161575674563,
   -0.10902981775743331,
   -0.1933497233554613
  ],
  "w_spline": [
   -1.391725253169133,
   -1.255562841066547,
   -1.1222630138113112,
   -1.0786226687132603,
   -1.0656129099743372,
   -1.0154544548455893,
   -0.9647529856424262,
   -0.9598594614144181,
   -0.963656727414189,
   -0.9355500922148462
  ],
  "dlnY_dlna_today": -0.1933497233554613,
  "w_today": -0.9355500922148462,
  "ols_global_slope": 0.18880748537110348,
  "w_from_ols": -1.0629358284570345,
  "y_first_last": [
   0.17941609857458304,
   0.24757233401713682
  ],
  "argmax_idx": 5,
  "peak_a": 0.5583260161014446,
  "peak_interior": true,
  "n_rising_nodes": 6,
  "max_spline_slope": 1.1751757595073993,
  "phantom_anywhere": true
 },
 "extensive_S_reference": {
  "name": "S (extensive, reference)",
  "a": [
   0.24949283896377986,
   0.30155808331261197,
   0.3644885279628326,
   0.42416436072959446,
   0.4912772627279358,
   0.5583260161014446,
   0.6466664866145445,
   0.7525418658117033,
   0.8674917093619414,
   0.9999999999999998
  ],
  "y": [
   1544.0549443328616,
   3532.992138414279,
   5954.124957863341,
   7672.674658616077,
   8983.931626040636,
   9739.450178878616,
   9936.15322161849,
   9711.096051678165,
   9376.10836980011,
   8867.545859825806
  ],
  "dlnY_dlna_spline": [
   5.312382017373126,
   3.491311802885456,
   2.0855569659806443,
   1.3253603480691982,
   0.8437638027243323,
   0.38834907872626,
   -0.054854209841770724,
   -0.2096702314377825,
   -0.30193524893372153,
   -0.5003835102713237
  ],
  "w_spline": [
   -2.770794005791042,
   -2.1637706009618185,
   -1.6951856553268816,
   -1.4417867826897328,
   -1.2812546009081107,
   -1.1294496929087534,
   -0.9817152633860764,
   -0.9301099228540725,
   -0.8993549170220928,
   -0.8332054965762254
  ],
  "dlnY_dlna_today": -0.5003835102713237,
  "w_today": -0.8332054965762254,
  "ols_global_slope": 1.0760881689249573,
  "w_from_ols": -1.358696056308319,
  "y_first_last": [
   1544.0549443328616,
   8867.545859825806
  ],
  "argmax_idx": 6,
  "peak_a": 0.6466664866145445,
  "peak_interior": true,
  "n_rising_nodes": 6,
  "max_spline_slope": 5.312382017373126,
  "phantom_anywhere": true
 },
 "fixedk_geometry": {
  "k_fixed": 8606,
  "n_draw": 8,
  "seed": 20260710,
  "thr": 742530285568.0,
  "records": [
   {
    "snap": 25,
    "a": 0.24949283896377986,
    "z": 3.008131071630377,
    "k": 8606,
    "k_avail": 8606,
    "n_draw": 1,
    "S_mean": 1544.0549443328616,
    "S_std": 0.0,
    "S_draws": [
     1544.0549443328616
    ]
   },
   {
    "snap": 30,
    "a": 0.30155808331261197,
    "z": 2.3161107439568918,
    "k": 8606,
    "k_avail": 16384,
    "n_draw": 8,
    "S_mean": 1109.7471048761,
    "S_std": 13.117397176803616,
    "S_draws": [
     1096.3041957683429,
     1126.5540276216473,
     1116.9264775736979,
     1127.7068028230133,
     1097.0788458223917,
     1097.1998894575797,
     1103.4202150163426,
     1112.7863849257835
    ]
   },
   {
    "snap": 36,
    "a": 0.3644885279628326,
    "z": 1.7435705743308647,
    "k": 8606,
    "k_avail": 24803,
    "n_draw": 8,
    "S_mean": 876.0509251980251,
    "S_std": 16.85733850631152,
    "S_draws": [
     870.422166478132,
     873.0352895692138,
     877.6676114747572,
     858.0196094746575,
     871.8833990743628,
     888.8509719223739,
     858.7245453114202,
     909.8038082792832
    ]
   },
   {
    "snap": 42,
    "a": 0.42416436072959446,
    "z": 1.3575766674029972,
    "k": 8606,
    "k_avail": 30678,
    "n_draw": 8,
    "S_mean": 769.6285512571852,
    "S_std": 12.025910696126966,
    "S_draws": [
     769.022507803022,
     754.4667764381346,
     763.2109513759265,
     786.1439986503315,
     759.705955711676,
     788.6748156289144,
     767.2005256080374,
     768.6028788414395
    ]
   },
   {
    "snap": 49,
    "a": 0.4912772627279358,
    "z": 1.035510445664141,
    "k": 8606,
    "k_avail": 34719,
    "n_draw": 8,
    "S_mean": 719.264452859074,
    "S_std": 17.909636616244555,
    "S_draws": [
     703.6120650613792,
     729.7948298591982,
     749.7158427656551,
     710.4940448404541,
     707.9029081254339,
     706.2279259686474,
     739.8487986212634,
     706.519207630561
    ]
   },
   {
    "snap": 56,
    "a": 0.5583260161014446,
    "z": 0.7910682489463392,
    "k": 8606,
    "k_avail": 37029,
    "n_draw": 8,
    "S_mean": 700.6650565181401,
    "S_std": 14.56168767174891,
    "S_draws": [
     677.2814563905239,
     719.44213996061,
     696.9485691501062,
     711.70301313813,
     690.7432976960197,
     712.026444629464,
     708.9107045992547,
     688.2648265810124
    ]
   },
   {
    "snap": 65,
    "a": 0.6466664866145445,
    "z": 0.5463921831410221,
    "k": 8606,
    "k_avail": 38000,
    "n_draw": 8,
    "S_mean": 680.3436031991328,
    "S_std": 13.721199647903594,
    "S_draws": [
     675.1559594590337,
     655.4056999865777,
     678.8095499010369,
     668.0850667193894,
     688.5096224734046,
     694.325915576348,
     694.1706479252992,
     688.2863635519724
    ]
   },
   {
    "snap": 76,
    "a": 0.7525418658117033,
    "z": 0.32882972420595435,
    "k": 8606,
    "k_avail": 37856,
    "n_draw": 8,
    "S_mean": 672.3587344665552,
    "S_std": 10.910714595132864,
    "S_draws": [
     662.8701102859904,
     678.6882799237479,
     666.9951993741475,
     671.5600603890991,
     669.1181883570648,
     669.095563105867,
     696.5106722298467,
     664.0318020666791
    ]
   },
   {
    "snap": 87,
    "a": 0.8674917093619414,
    "z": 0.15274876890238098,
    "k": 8606,
    "k_avail": 37109,
    "n_draw": 8,
    "S_mean": 681.6909937392435,
    "S_std": 13.203866944163098,
    "S_draws": [
     664.0894946748352,
     684.8221137917659,
     663.2552933021757,
     688.1425670957581,
     690.5238395601639,
     674.4212338862043,
     687.8669265745771,
     700.4064810284677
    ]
   },
   {
    "snap": 99,
    "a": 0.9999999999999998,
    "z": 2.220446049250313e-16,
    "k": 8606,
    "k_avail": 35818,
    "n_draw": 8,
    "S_mean": 688.8572957112722,
    "S_std": 10.878896408963383,
    "S_draws": [
     675.3446085792568,
     703.1689894551822,
     686.3784450429213,
     705.3476315603518,
     685.5480374781114,
     678.0445527051656,
     692.6877318684992,
     684.338369000689
    ]
   }
  ],
  "verdict": {
   "dlnS_dlna_spline": [
    -2.022818909248173,
    -1.4787482902683278,
    -1.0328388007713067,
    -0.6556013920009076,
    -0.2827333889779251,
    -0.18928197320419818,
    -0.16865410191158156,
    0.02679517841132096,
    0.12620886620850183,
    -0.020011556967044652
   ],
   "w_spline": [
    -0.3257270302506089,
    -0.5070839032438907,
    -0.6557203997428978,
    -0.7814662026663641,
    -0.9057555370073583,
    -0.936906008931934,
    -0.9437819660294728,
    -1.008931726137107,
    -1.0420696220695007,
    -0.9933294810109852
   ],
   "dlnS_dlna_today": -0.020011556967044652,
   "w_today": -0.9933294810109852,
   "ols_global_slope": -0.5129821517058301,
   "w_from_ols": -0.8290059494313899,
   "S_first_last": [
    1544.0549443328616,
    688.8572957112722
   ],