{
  "role": "CALIBRATION",
  "dt": 0.01,
  "lambda0": 1.0,
  "k": 8,
  "R": 256,
  "jitter_validation": {
    "n": 300000,
    "mean": 0.001679162233745926,
    "std": 0.9991919267893007,
    "skew": -0.005641218740496863,
    "kurtosis": -0.004691672764966182,
    "autocorr_lags_1_2_3_5_10": [
      0.0012775728411805352,
      0.0007620183812419516,
      -0.0005409448177629687,
      -0.0009088798599356298,
      -0.0009936460584030577
    ],
    "ks_stat": 0.001102723684204443,
    "ks_p": 0.8585510150327889,
    "sha256": "4d59c28d6ce68302"
  },
  "sigma_estimator_check": {
    "rho": 0.3,
    "sigma_analytic": 0.8164356435643574,
    "sigma_hat": 0.8143655967470026,
    "rel_err": 0.002535468452011075
  },
  "passive_lambda0": {
    "lambda0_set": 1.0,
    "lambda0_from_single_osc_acf": 1.0100504591518693,
    "corr_decay_rate_measured": 1.6759250869050686,
    "corr_decay_rate_predicted_2lambda": 2.0201009183037386,
    "rho0": 0.5
  },
  "timing": {
    "sec_per_step": 0.05876490860013291,
    "n_timings": 18837408,
    "n_normals": 4709344,
    "total_wall_sec": 134.94899102998897
  }
}