{
  "3": {
    "R": 3,
    "n_all_emerged": 1615118,
    "occ_marginal": [
      0.7341791745247096,
      0.7574876882060629,
      0.533147423284243
    ],
    "pairwise_TC_adjacent_mean": 1.0304749752720888e-05,
    "caseA": {
      "tau_R": 1.1452925396060465e-05,
      "tau_in_band": false,
      "II_R_body": 1.765346411275459e-07
    },
    "caseB": {
      "k3": {
        "n_windows": 1,
        "tau_mean": 1.1452925396060465e-05,
        "tau_min": 1.1452925396060465e-05,
        "tau_max": 1.1452925396060465e-05,
        "n_in_band": 0,
        "II_mean": 1.765346411275459e-07,
        "II_abs_mean": 1.765346411275459e-07,
        "II_total_over_windows": 1.765346411275459e-07,
        "shuffle_gap_mean": 6.819022146942189e-08,
        "shuffle_gap_per_window": 6.819022146942189e-08
      }
    },
    "runtime_s": 1.5
  },
  "4": {
    "R": 4,
    "n_all_emerged": 943216,
    "occ_marginal": [
      0.7496999626808706,
      0.7318090447999186,
      0.7601599209512986,
      0.5320700666655358
    ],
    "pairwise_TC_adjacent_mean": 1.8612492450831297e-05,
    "caseA": {
      "tau_R": 2.8757947141411222e-05,
      "tau_in_band": false,
      "II_R_body": 2.708527495620672e-07
    },
    "caseB": {
      "k3": {
        "n_windows": 2,
        "tau_mean": 2.012380916172063e-05,
        "tau_min": 1.1160330292137033e-05,
        "tau_max": 2.9087288031304226e-05,
        "n_in_band": 0,
        "II_mean": 5.034122283920084e-06,
        "II_abs_mean": 5.034122283920084e-06,
        "II_total_over_windows": 1.0068244567840168e-05,
        "shuffle_gap_mean": 5.022789377084891e-06,
        "shuffle_gap_per_window": 5.022789377084891e-06
      },
      "k4": {
        "n_windows": 1,
        "tau_mean": 2.8757947141411222e-05,
        "tau_min": 2.8757947141411222e-05,
        "tau_max": 2.8757947141411222e-05,
        "n_in_band": 0,
        "II_mean": 2.708527495620672e-07,
        "II_abs_mean": 2.708527495620672e-07,
        "II_total_over_windows": 2.708527495620672e-07,
        "shuffle_gap_mean": 1.2278287009337419e-07,
        "shuffle_gap_per_window": 1.2278287009337419e-07
      }
    },
    "runtime_s": 1.9
  },
  "5": {
    "R": 5,
    "n_all_emerged": 531138,
    "occ_marginal": [
      0.7629354329759874,
      0.7413591194755412,
      0.7323445131020564,
      0.7627320959901194,
      0.5306907056169959
    ],
    "pairwise_TC_adjacent_mean": 4.6939474995288943e-05,
    "caseA": {
      "tau_R": 6.795926190972246e-05,
      "tau_in_band": false,
      "II_R_body": 1.6373316293893936e-06
    },
    "caseB": {
      "k3": {
        "n_windows": 3,
        "tau_mean": 3.884559305052567e-05,
        "tau_min": 1.9226418778384158e-05,
        "tau_max": 7.735566574207375e-05,
        "n_in_band": 0,
        "II_mean": 5.080772373933229e-06,
        "II_abs_mean": 5.080772373933229e-06,
        "II_total_over_windows": 1.5242317121799687e-05,
        "shuffle_gap_mean": 4.5323301206915785e-06,
        "shuffle_gap_per_window": 4.5323301206915785e-06
      },
      "k4": {
        "n_windows": 2,
        "tau_mean": 4.8564998552732184e-05,
        "tau_min": 2.310422139695234e-05,
        "tau_max": 7.402577570851203e-05,
        "n_in_band": 0,
        "II_mean": 7.359241582793885e-07,
        "II_abs_mean": 7.359241582793885e-07,
        "II_total_over_windows": 1.471848316558777e-06,
        "shuffle_gap_mean": 4.0194082839839496e-07,
        "shuffle_gap_per_window": 4.0194082839839496e-07
      }
    },
    "runtime_s": 3.2
  },
  "6": {
    "R": 6,
    "n_all_emerged": 294526,
    "occ_marginal": [
      0.7618750127323225,
      0.7489186014137971,
      0.7373508620631116,
      0.7320032866368335,
      0.7644758017967853,
      0.5276172562014898
    ],
    "pairwise_TC_adjacent_mean": 0.0002397528223152534,
    "caseA": {
      "tau_R": 0.0003122716209752241,
      "tau_in_band": false,
      "II_R_body": 8.848479016165811e-08
    },
    "caseB": {
      "k3": {
        "n_windows": 4,
        "tau_mean": 0.00019868651559290518,
        "tau_min": 6.926953818986448e-06,
        "tau_max": 0.0006345450946076969,
        "n_in_band": 0,
        "II_mean": -9.187001132060502e-07,
        "II_abs_mean": 3.087593880235495e-06,
        "II_total_over_windows": -3.6748004528242006e-06,
        "shuffle_gap_mean": 4.595848930200042e-06,
        "shuffle_gap_per_window": 4.595848930200042e-06
      },
      "k4": {
        "n_windows": 3,
        "tau_mean": 0.0001871229817466988,
        "tau_min": 3.0340773224946105e-05,
        "tau_max": 0.0004324692121587444,
        "n_in_band": 0,
        "II_mean": 1.3620691343696478e-06,
        "II_abs_mean": 1.3620691343696478e-06,
        "II_total_over_windows": 4.0862074031089435e-06,
        "shuffle_gap_mean": 1.2748311788435274e-06,
        "shuffle_gap_per_window": 1.2748311788435274e-06
      }
    },
    "runtime_s": 5.4
  },
  "7": {
    "R": 7,
    "n_all_emerged": 165772,
    "occ_marginal": [
      0.7536978500591174,
      0.7437685495741139,
      0.7421518712448423,
      0.7347079120720025,
      0.7365236590015202,
      0.767144029148469,
      0.5292751489998311
    ],
    "pairwise_TC_adjacent_mean": 0.0006590459123760883,
    "caseA": {
      "tau_R": 0.0008686065666097716,
      "tau_in_band": false,
      "II_R_body": 3.0434286264480193e-06
    },
    "caseB": {
      "k3": {
        "n_windows": 5,
        "tau_mean": 0.0006010128759203592,
        "tau_min": 2.889458302246517e-05,
        "tau_max": 0.002065580490105301,
        "n_in_band": 0,
        "II_mean": -1.7107693218587626e-05,
        "II_abs_mean": 2.1748722194647742e-05,
        "II_total_over_windows": -8.553846609293814e-05,
        "shuffle_gap_mean": 2.372884419798993e-05,
        "shuffle_gap_per_window": 2.372884419798993e-05
      },
      "k4": {
        "n_windows": 4,
        "tau_mean": 0.0005299248808697811,
        "tau_min": 4.855003806743715e-05,
        "tau_max": 0.0014514440066957235,
        "n_in_band": 0,
        "II_mean": 2.0747548902244617e-06,
        "II_abs_mean": 2.0747548902244617e-06,
        "II_total_over_windows": 8.299019560897847e-06,
        "shuffle_gap_mean": 2.2315722738586175e-06,
        "shuffle_gap_per_window": 2.2315722738586175e-06
      }
    },
    "runtime_s": 9.0
  },
  "8": {
    "R": 8,
    "n_all_emerged": 94979,
    "occ_marginal": [
      0.7327093357479022,
      0.7324671769549058,
      0.735931100559071,
      0.7352572673959507,
      0.7315406563556155,
      0.7327725076069447,
      0.7656850461681003,
      0.5270007054190926
    ],
    "pairwise_TC_adjacent_mean": 0.0008801079474291143,
    "caseA": {
      "tau_R": 0.0012937430758985155,
      "tau_in_band": false,
      "II_R_body": 8.346786732893463e-06
    },
    "caseB": {
      "k3": {
        "n_windows": 6,
        "tau_mean": 0.0008995266029639218,
        "tau_min": 5.3244093256132885e-05,
        "tau_max": 0.002415209966752041,
        "n_in_band": 0,
        "II_mean": -2.2400863735357508e-05,
        "II_abs_mean": 2.8309635845769066e-05,
        "II_total_over_windows": -0.00013440518241214505,
        "shuffle_gap_mean": 3.101650966175207e-05,
        "shuffle_gap_per_window": 3.101650966175207e-05
      },
      "k4": {
        "n_windows": 5,
        "tau_mean": 0.0008724379876251595,
        "tau_min": 8.04893658098808e-05,
        "tau_max": 0.002211010190885284,
        "n_in_band": 0,
        "II_mean": 1.0547983684627837e-05,
        "II_abs_mean": 1.0547983684627837e-05,
        "II_total_over_windows": 5.273991842313919e-05,
        "shuffle_gap_mean": 7.3577155484727544e-06,
        "shuffle_gap_per_window": 7.3577155484727544e-06
      }
    },
    "runtime_s": 13.7
  },
  "9": {
    "R": 9,
    "n_all_emerged": 56242,