{
 "25": {
  "z": 3.008131071630377,
  "a": 0.24949283896377986,
  "n_kept": 456263,
  "chunks": 69,
  "n_Mstar": {
   "8.5": 145877,
   "9.04(1.1e9)": 63258,
   "9.5": 31296,
   "10.0": 12567
  },
  "min_M200_of_Mstar1p1e9": 49597497344.0,
  "min_M200_of_Mstar3e8": 30077132800.0,
  "fetch_floor_M200": 30000000000.0
 },
 "30": {
  "z": 2.3161107439568918,
  "a": 0.30155808331261197,
  "n_kept": 565260,
  "chunks": 84,
  "n_Mstar": {
   "8.5": 189608,
   "9.04(1.1e9)": 92936,
   "9.5": 50925,
   "10.0": 22830
  },
  "min_M200_of_Mstar1p1e9": 54091493376.0,
  "min_M200_of_Mstar3e8": 30427381760.0,
  "fetch_floor_M200": 30000000000.0
 },
 "33": {
  "z": 2.0020281392528516,
  "a": 0.3331081367707903,
  "n_kept": 605559,
  "chunks": 92,
  "n_Mstar": {
   "8.5": 206959,
   "9.04(1.1e9)": 106912,
   "9.5": 61346,
   "10.0": 28210
  },
  "min_M200_of_Mstar1p1e9": 35352625152.0,
  "min_M200_of_Mstar3e8": 30080145408.0,
  "fetch_floor_M200": 30000000000.0
 },
 "36": {
  "z": 1.7435705743308647,
  "a": 0.3644885279628326,
  "n_kept": 632810,
  "chunks": 100,
  "n_Mstar": {
   "8.5": 219229,
   "9.04(1.1e9)": 117750,
   "9.5": 69720,
   "10.0": 32589
  },
  "min_M200_of_Mstar1p1e9": 37618049024.0,
  "min_M200_of_Mstar3e8": 30560053248.0,
  "fetch_floor_M200": 30000000000.0
 },
 "39": {
  "z": 1.5312390291576135,
  "a": 0.39506344066320603,
  "n_kept": 649273,
  "chunks": 107,
  "n_Mstar": {
   "8.5": 227410,
   "9.04(1.1e9)": 126045,
   "9.5": 75694,
   "10.0": 36022
  },
  "min_M200_of_Mstar1p1e9": 34553348096.0,
  "min_M200_of_Mstar3e8": 30122086400.0,
  "fetch_floor_M200": 30000000000.0
 },
 "42": {
  "z": 1.3575766674029972,
  "a": 0.42416436072959446,
  "n_kept": 658815,
  "chunks": 113,
  "n_Mstar": {
   "8.5": 232325,
   "9.04(1.1e9)": 131885,
   "9.5": 79915,
   "10.0": 38852
  },
  "min_M200_of_Mstar1p1e9": 31869028352.0,
  "min_M200_of_Mstar3e8": 30073915392.0,
  "fetch_floor_M200": 30000000000.0
 },
 "45": {
  "z": 1.2062580807810006,
  "a": 0.45325613023749545,
  "n_kept": 663487,
  "chunks": 125,
  "n_Mstar": {
   "8.5": 235249,
   "9.04(1.1e9)": 136088,
   "9.5": 83092,
   "10.0": 41195
  },
  "min_M200_of_Mstar1p1e9": 33696999424.0,
  "min_M200_of_Mstar3e8": 30000809984.0,
  "fetch_floor_M200": 30000000000.0
 },
 "47": {
  "z": 1.1141505637653806,
  "a": 0.4730032085410998,
  "n_kept": 664378,
  "chunks": 127,
  "n_Mstar": {
   "8.5": 236085,
   "9.04(1.1e9)": 138103,
   "9.5": 84640,
   "10.0": 42591
  },
  "min_M200_of_Mstar1p1e9": 33436008448.0,
  "min_M200_of_Mstar3e8": 30116911104.0,
  "fetch_floor_M200": 30000000000.0
 },
 "49": {
  "z": 1.035510445664141,
  "a": 0.4912772627279358,
  "n_kept": 664217,
  "chunks": 130,
  "n_Mstar": {
   "8.5": 236370,
   "9.04(1.1e9)": 139529,
   "9.5": 85806,
   "10.0": 43704
  },
  "min_M200_of_Mstar1p1e9": 32049805312.0,
  "min_M200_of_Mstar3e8": 30017677312.0,
  "fetch_floor_M200": 30000000000.0
 },
 "51": {
  "z": 0.9505313515850327,
  "a": 0.5126808134549512,
  "n_kept": 663271,
  "chunks": 136,
  "n_Mstar": {
   "8.5": 236039,
   "9.04(1.1e9)": 140592,
   "9.5": 86858,
   "10.0": 44780
  },
  "min_M200_of_Mstar1p1e9": 31340472320.0,
  "min_M200_of_Mstar3e8": 30055948288.0,
  "fetch_floor_M200": 30000000000.0
 },
 "53": {
  "z": 0.8868969375752482,
  "a": 0.5299706518603222,
  "n_kept": 661483,
  "chunks": 137,
  "n_Mstar": {
   "8.5": 235861,
   "9.04(1.1e9)": 141466,
   "9.5": 87653,
   "10.0": 45561
  },
  "min_M200_of_Mstar1p1e9": 32001386496.0,
  "min_M200_of_Mstar3e8": 30003462144.0,
  "fetch_floor_M200": 30000000000.0
 },
 "55": {
  "z": 0.8167099790118506,
  "a": 0.5504455920608321,
  "n_kept": 659001,
  "chunks": 141,
  "n_Mstar": {
   "8.5": 235100,
   "9.04(1.1e9)": 142129,
   "9.5": 88448,
   "10.0": 46290
  },
  "min_M200_of_Mstar1p1e9": 30841143296.0,
  "min_M200_of_Mstar3e8": 30010150912.0,
  "fetch_floor_M200": 30000000000.0
 },
 "56": {
  "z": 0.7910682489463392,
  "a": 0.5583260161014446,
  "n_kept": 657891,
  "chunks": 143,
  "n_Mstar": {
   "8.5": 235005,
   "9.04(1.1e9)": 142367,
   "9.5": 88646,
   "10.0": 46563
  },
  "min_M200_of_Mstar1p1e9": 30296479744.0,
  "min_M200_of_Mstar3e8": 30110967808.0,
  "fetch_floor_M200": 30000000000.0
 },
 "59": {
  "z": 0.7001063537185233,
  "a": 0.5881984958251407,
  "n_kept": 652528,
  "chunks": 149,
  "n_Mstar": {
   "8.5": 233777,
   "9.04(1.1e9)": 142641,
   "9.5": 89484,
   "10.0": 47385
  },
  "min_M200_of_Mstar1p1e9": 30248151040.0,
  "min_M200_of_Mstar3e8": 30000295936.0,
  "fetch_floor_M200": 30000000000.0
 },
 "61": {
  "z": 0.6446418406845371,
  "a": 0.6080351206337894,
  "n_kept": 648558,
  "chunks": 154,
  "n_Mstar": {
   "8.5": 232932,
   "9.04(1.1e9)": 142787,
   "9.5": 89793,
   "10.0": 47857
  },
  "min_M200_of_Mstar1p1e9": 30888734720.0,
  "min_M200_of_Mstar3e8": 30020139008.0,
  "fetch_floor_M200": 30000000000.0
 },
 "63": {
  "z": 0.5985432881875667,
  "a": 0.6255695465925124,
  "n_kept": 644640,
  "chunks": 157,
  "n_Mstar": {
   "8.5": 231901,
   "9.04(1.1e9)": 142536,
   "9.5": 90016,
   "10.0": 48162
  },
  "min_M200_of_Mstar1p1e9": 30085670912.0,
  "min_M200_of_Mstar3e8": 30002911232.0,
  "fetch_floor_M200": 30000000000.0
 },
 "65": {
  "z": 0.5463921831410221,
  "a": 0.6466664866145445,
  "n_kept": 639987,
  "chunks": 168,
  "n_Mstar": {
   "8.5": 231089,
   "9.04(1.1e9)": 142460,
   "9.5": 90392,
   "10.0": 48392
  },
  "min_M200_of_Mstar1p1e9": 30059212800.0,
  "min_M200_of_Mstar3e8": 30028861440.0,
  "fetch_floor_M200": 30000000000.0
 },
 "67": {
  "z": 0.5030475232448832,
  "a": 0.6653149581332802,
  "n_kept": 635777,
  "chunks": 168,
  "n_Mstar": {
   "8.5": 229989,
   "9.04(1.1e9)": 142260,
   "9.5": 90561,
   "10.0": 48663
  },
  "min_M200_of_Mstar1p1e9": 30154123264.0,
  "min_M200_of_Mstar3e8": 30001252352.0,
  "fetch_floor_M200": 30000000000.0
 },
 "70": {
  "z": 0.4402978492477432,
  "a": 0.6943008354294861,
  "n_kept": 629246,
  "chunks": 172,
  "n_Mstar": {
   "8.5": 228350,
   "9.04(1.1e9)": 141974,
   "9.5": 90736,
   "10.0": 48994
  },
  "min_M200_of_Mstar1p1e9": 30435821568.0,
  "min_M200_of_Mstar3e8": 30002055168.0,
  "fetch_floor_M200": 30000000000.0
 },
 "72": {
  "z": 0.3999269646135635,
  "a": 0.7143229791820179,
  "n_kept": 624991,
  "chunks": 175,
  "n_Mstar": {
   "8.5": 227578,
   "9.04(1.1e9)": 141838,
   "9.5": 90919,
   "10.0": 49168
  },
  "min_M200_of_Mstar1p1e9": 30399739904.0,
  "min_M200_of_Mstar3e8": 30040504320.0,
  "fetch_floor_M200": 30000000000.0
 },
 "74": {
  "z": 0.36068765726181673,
  "a": 0.7349225185244589,
  "n_kept": 620515,
  "chunks": 177,
  "n_Mstar": {
   "8.5": 226612,
   "9.04(1.1e9)": 141593,
   "9.5": 90981,
   "10.0": 49319
  },
  "min_M200_of_Mstar1p1e9": 30380621824.0,
  "min_M200_of_Mstar3e8": 30010720256.0,
  "fetch_floor_M200": 30000000000.0
 },
 "76": {
  "z": 0.32882972420595435,
  "a": 0.7525418658117033,
  "n_kept": 616412,
  "chunks": 183,
  "n_Mstar": {
   "8.5": 225901,
   "9.04(1.1e9)": 141429,
   "9.5": 90969,
   "10.0": 49421
  },
  "min_M200_of_Mstar1p1e9": 30107514880.0,
  "min_M200_of_Mstar3e8": 30016094208.0,
  "fetch_floor_M200": 30000000000.0
 },
 "79": {
  "z": 0.2733533465784399,
  "a": 0.7853279709729015,
  "n_kept": 608936,
  "chunks": 188,
  "n_Mstar": {
   "8.5": 224130,
   "9.04(1.1e9)": 140881,
   "9.5": 90871,
   "10.0": 49605
  },
  "min_M200_of_Mstar1p1e9": 30192353280.0,
  "min_M200_of_Mstar3e8": 30055843840.0,
  "fetch_floor_M200": 30000000000.0
 },
 "82": {
  "z": 0.22598838626019768,
  "a": 0.815668411876591,
  "n_kept": 602327,
  "chunks": 194,
  "n_Mstar": {
   "8.5": 222655,
   "9.04(1.1e9)": 140490,
   "9.5": 90857,
   "10.0": 49746
  },
  "min_M200_of_Mstar1p1e9": 30018709504.0,
  "min_M200_of_Mstar3e8": 30012139520.0,
  "fetch_floor_M200": 30000000000.0
 },
 "87": {
  "z": 0.15274876890238098,
  "a": 0.8674917093619414,
  "n_kept": 591676,
  "chunks": 200,
  "n_Mstar": {
   "8.5": 220542,
   "9.04(1.1e9)": 139730,
   "9.5": 90657,
   "10.0": 49868
  },
  "min_M200_of_Mstar1p1e9": 30270324736.0,