{
  "desi_published_posterior": {
    "w0": -0.838,
    "wa": -0.62,
    "sig_w0": 0.055,
    "sig_wa": 0.2,
    "rho": -0.7,
    "note": "w0waCDM BAO+CMB+DESY5, arXiv:2503.14738"
  },
  "projected_points": {
    "dist_realcov_BAO+CMB": {
      "w0": -0.7834591894458525,
      "wa": -0.7303878999142546,
      "cross_z": 0.4214109898409768,
      "maha": 1.0114492997804034
    },
    "dist_realcov_BAO_only": {
      "w0": -0.7582719116151566,
      "wa": -0.5925955767260895,
      "cross_z": 0.6889441068696107,
      "maha": 2.168490191083057
    },
    "rho_weighted": {
      "w0": -0.7383265923273161,
      "wa": -0.9772811883560046,
      "cross_z": 0.36566596218785774,
      "maha": 1.9519268625642143
    },
    "w_DE_weighted": {
      "w0": -0.7615820659960357,
      "wa": -0.9166876417992249,
      "cross_z": 0.35150904022966034,
      "maha": 1.5627455318582832
    },
    "w_uniform": {
      "w0": -0.6455457928053835,
      "wa": -1.423474388410574,
      "cross_z": 0.3315692382827071,
      "maha": 4.130947313909211
    }
  },
  "method_systematic": {
    "w0_min": -0.7834591894458525,
    "w0_max": -0.6455457928053835,
    "w0_range": 0.13791339664046898,
    "w0_std": 0.048124640278107055,
    "wa_min": -1.423474388410574,
    "wa_max": -0.5925955767260895,
    "wa_range": 0.8308788116844845,
    "wa_std": 0.2827005862685532,
    "maha_min": 1.0114492997804034,
    "maha_max": 4.130947313909211
  },
  "lcdm_maha": 3.284673186974265
}