{
  "provenance": {
    "desi_data": "DESI DR2 BAO, official Cobaya likelihood file desi_gaussian_bao_ALL_GCcomb (mean+cov), from CobayaSampler/bao_data/desi_bao_dr2/, reproducing DESI DR2 Results II arXiv:2503.14738; 13 measurements / 7 tracers.",
    "desi_z": [
      0.295,
      0.51,
      0.51,
      0.706,
      0.706,
      0.934,
      0.934,
      1.321,
      1.321,
      1.484,
      1.484,
      2.33,
      2.33
    ],
    "desi_value": [
      7.94167639,
      13.58758434,
      21.86294686,
      17.35069094,
      19.45534918,
      21.57563956,
      17.64149464,
      27.60085612,
      14.17602155,
      30.51190063,
      12.81699964,
      8.631545674846294,
      38.988973961958784
    ],
    "desi_quantity": [
      "DV_over_rs",
      "DM_over_rs",
      "DH_over_rs",
      "DM_over_rs",
      "DH_over_rs",
      "DM_over_rs",
      "DH_over_rs",
      "DM_over_rs",
      "DH_over_rs",
      "DM_over_rs",
      "DH_over_rs",
      "DH_over_rs",
      "DM_over_rs"
    ],
    "cov_shape": [
      13,
      13
    ],
    "framework_curve": "TNG300-1 205 Mpc/h B-total corner 7.43e11, frozen S(a) from large_volume/results.json stage2_primary.records (10 pts).",
    "S_of_a": {
      "a": [
        0.24949283896377986,
        0.30155808331261197,
        0.3644885279628326,
        0.42416436072959446,
        0.4912772627279358,
        0.5583260161014446,
        0.6466664866145445,
        0.7525418658117033,
        0.8674917093619414,
        0.9999999999999998
      ],
      "S": [
        1544.0549443328616,
        3532.992138414279,
        5954.124957863341,
        7672.674658616077,
        8983.931626040636,
        9739.450178878616,
        9936.15322161849,
        9711.096051678165,
        9376.10836980011,
        8867.545859825806
      ]
    },
    "cmb_anchor": {
      "target_DM_zstar_over_rd": 94.27758499303695,
      "frac_err": 0.0003,
      "sigma": 0.028283275497911084,
      "zstar": 1089.8,
      "planck_ref": {
        "Om": 0.3153,
        "H0": 67.36,
        "rd": 147.09,
        "zstar": 1089.8
      },
      "note": "theta*-compression approximation; uses acoustic-scale distance only, folds fixed rs*/rd into the target, includes radiation, Gaussian; NOT the full CMB covariance and NO rs uncertainty."
    },
    "Om_r_fixed": 9.2e-05
  },
  "with_cmb": {
    "framework": {
      "chi2": 8.858627470665159,
      "Om": 0.317,
      "beta": 30.323792825931307,
      "k_params": 2,
      "AIC": 12.858627470665159,
      "BIC": 14.136742129895676
    },
    "LCDM": {
      "chi2": 10.318803768625818,
      "Om": 0.296,
      "beta": 29.50650777107732,
      "k_params": 2,
      "AIC": 14.318803768625818,
      "BIC": 15.596918427856334
    },
    "CPL": {
      "chi2": 6.9018215444383815,
      "Om": 0.3456925115348763,
      "w0": -0.5041045284523589,
      "wa": -1.438863407214086,
      "beta": 31.70875079784538,
      "k_params": 4,
      "AIC": 14.90182154443838,
      "BIC": 17.458050862899416
    },
    "n_data": 14,
    "deltas": {
      "chi2_framework_minus_LCDM": -1.4601762979606594,
      "chi2_framework_minus_CPL": 1.9568059262267772,
      "chi2_LCDM_minus_CPL": 3.4169822241874366,
      "dAIC_framework_minus_CPL": -2.043194073773222,
      "dAIC_framework_minus_LCDM": -1.4601762979606594,
      "dBIC_framework_minus_CPL": -3.3213087330037396,
      "dBIC_framework_minus_LCDM": -1.4601762979606576
    },
    "framework_profile_Om": [
      [
        0.26,
        217.13484516660446
      ],
      [
        0.261,
        209.15290162227993
      ],
      [
        0.262,
        201.3565840326905
      ],
      [
        0.263,
        193.7439003701913
      ],
      [
        0.264,
        186.31288443764996
      ],
      [
        0.265,
        179.0615954556715
      ],
      [
        0.266,
        171.98811765776267
      ],
      [
        0.267,
        165.09055989324736
      ],
      [
        0.268,
        158.36705523778753
      ],
      [
        0.269,
        151.81576061129206
      ],
      [
        0.27,
        145.43485640309032
      ],
      [
        0.271,
        139.22254610418466
      ],
      [
        0.272,
        133.1770559464411
      ],
      [
        0.273,
        127.2966345485457
      ],
      [
        0.274,
        121.57955256859083
      ],
      [
        0.275,
        116.02410236314809
      ],
      [
        0.276,
        110.62861369943292
      ],
      [
        0.277,
        105.39138870379352
      ],
      [
        0.278,
        100.31079943119666
      ],
      [
        0.279,
        95.38522174753653
      ],
      [
        0.28,
        90.61305160490271
      ],
      [
        0.281,
        85.9927047366747
      ],
      [
        0.28200000000000003,
        81.52261635818344
      ],
      [
        0.28300000000000003,
        77.20124087280998
      ],
      [
        0.28400000000000003,
        73.0270515834066
      ],
      [
        0.28500000000000003,
        68.99854040891786
      ],
      [
        0.28600000000000003,
        65.11421760613442
      ],
      [
        0.28700000000000003,
        61.37261149640628
      ],
      [
        0.288,
        57.77226819726491
      ],
      [
        0.289,
        54.31175135881766
      ],
      [
        0.29,
        50.98964190484166
      ],
      [
        0.291,
        47.80453777845464
      ],
      [
        0.292,
        44.75505369228306
      ],
      [
        0.293,
        41.83982088302801
      ],
      [
        0.294,
        39.05748687033823
      ],
      [
        0.295,
        36.40671521991151
      ],
      [
        0.296,
        33.88618531071808
      ],
      [
        0.297,
        31.494592106282088
      ],
      [
        0.298,
        29.230645929919206
      ],
      [
        0.299,
        27.09307224387847
      ],
      [
        0.3,
        25.080611432263858
      ],
      [
        0.301,
        23.192018587716287
      ],
      [
        0.302,
        21.426063301724714
      ],
      [
        0.303,
        19.78152945853479
      ],
      [
        0.304,
        18.25721503256268
      ],
      [
        0.305,
        16.85193188924583
      ],
      [
        0.306,
        15.564505602933885
      ],
      [
        0.307,
        14.393775210420074
      ],
      [
        0.308,
        13.338593101719018
      ],
      [
        0.309,
        12.397824781336979
      ],
      [
        0.31,
        11.570348698327988
      ],
      [
        0.311,
        10.855054264554981
      ],
      [
        0.312,
        10.250849587632642
      ],
      [
        0.313,
        9.756648376159385
      ],
      [
        0.314,
        9.371379088109473
      ],
      [
        0.315,
        9.09398225590366
      ],
      [
        0.316,
        8.923410320910978
      ],
      [
        0.317,
        8.858627470665159
      ],
      [
        0.318,
        8.898609478740015
      ],
      [
        0.319,
        9.042343547239556
      ],
      [
        0.32,
        9.288828151845259
      ],
      [
        0.321,
        9.637072889377603
      ],
      [
        0.322,
        10.08609832782067
      ],
      [
        0.323,
        10.634935858766402
      ],
      [
        0.324,
        11.2826275522289
      ],
      [
        0.325,
        12.028226013789416
      ],
      [
        0.326,
        12.870794244020757
      ],
      [
        0.327,
        13.809405500157764
      ],
      [
        0.328,
        14.8431431599631
      ],
      [
        0.329,
        15.971100587755318
      ],
      [
        0.33,
        17.192381002552313
      ],
      [
        0.33099999999999996,
        18.5060973482958
      ],
      [
        0.33199999999999996,
        19.911372166115598
      ],
      [
        0.33299999999999996,
        21.4073374685971
      ],
      [
        0.33399999999999996,
        22.993134616023223
      ],
      [
