{
 "n_haar": 200000,
 "cases": {
  "CKM_PDG2024": {
   "MI": 0.9563713393111786,
   "MI_norm": 0.8705267082626797,
   "H_joint": 1.240853238025041,
   "S_onehot": 7.466839160323306,
   "PR_sv": 2.972302310575251,
   "d_anarchy": 1.3420105662902864,
   "d_perm": 0.10212621170621884,
   "J": 3.079070264869059e-05,
   "absJ": 3.079070264869059e-05,
   "sin2_12": 0.050625,
   "sin2_23": 0.0017514224999999998,
   "sin2_13": 1.3616100000000002e-05,
   "params": {
    "s12": 0.225,
    "s23": 0.04185,
    "s13": 0.00369,
    "delta": 1.144
   },
   "haar_percentile": {
    "MI": 99.981,
    "MI_norm": 99.981,
    "S_onehot": 99.995,
    "PR_sv": 99.9025,
    "d_anarchy": 99.97399999999999,
    "d_perm": 0.055999999999999994,
    "absJ": 0.091,
    "sin2_12": 5.191,
    "sin2_23": 0.158,
    "sin2_13": 0.002
   }
  },
  "PMNS_NuFit60_NO_loweroctant": {
   "MI": 0.19101866364546938,
   "MI_norm": 0.173872680667944,
   "H_joint": 2.00620591369075,
   "S_onehot": 0.9737238492733904,
   "PR_sv": 1.6028843778339688,
   "d_anarchy": 0.5751772695699638,
   "d_perm": 1.0706610781355166,
   "J": -0.030664943425899177,
   "absJ": 0.030664943425899177,
   "sin2_12": 0.308,
   "sin2_23": 0.47000000000000003,
   "sin2_13": 0.022,
   "params": {
    "s12": 0.5549774770204643,
    "s23": 0.6855654600401044,
    "s13": 0.14832396974191325,
    "delta": -1.98
   },
   "haar_percentile": {
    "MI": 36.6755,
    "MI_norm": 36.6755,
    "S_onehot": 35.241499999999995,
    "PR_sv": 32.529,
    "d_anarchy": 34.148,
    "d_perm": 74.021,
    "absJ": 57.6415,
    "sin2_12": 30.8275,
    "sin2_23": 47.006,
    "sin2_13": 4.4135
   }
  },
  "PMNS_NuFit60_NO_upperoctant": {
   "MI": 0.1944018501981466,
   "MI_norm": 0.17695218977918725,
   "H_joint": 2.002822727138073,
   "S_onehot": 0.983442113899722,
   "PR_sv": 1.6041478864284968,
   "d_anarchy": 0.579184233999165,
   "d_perm": 1.0753122751066266,
   "J": -0.030490812320582705,
   "absJ": 0.030490812320582705,
   "sin2_12": 0.308,
   "sin2_23": 0.561,
   "sin2_13": 0.022,
   "params": {
    "s12": 0.5549774770204643,
    "s23": 0.7489993324429602,
    "s13": 0.14832396974191325,
    "delta": -1.98
   },
   "haar_percentile": {
    "MI": 37.8305,
    "MI_norm": 37.8305,
    "S_onehot": 36.4365,
    "PR_sv": 32.67,
    "d_anarchy": 34.9515,
    "d_perm": 74.8125,
    "absJ": 57.3985,
    "sin2_12": 30.8275,
    "sin2_23": 56.0585,
    "sin2_13": 4.4135
   }
  },
  "PMNS_deltaCPconserving": {
   "MI": 0.20325523571416104,
   "MI_norm": 0.18501088856431347,
   "H_joint": 1.9939693416220585,
   "S_onehot": 0.9925837058600409,
   "PR_sv": 1.6431176479879617,
   "d_anarchy": 0.5903363772311936,
   "d_perm": 1.0400336077366794,
   "J": 4.093325831611872e-18,
   "absJ": 4.093325831611872e-18,
   "sin2_12": 0.308,
   "sin2_23": 0.47000000000000003,
   "sin2_13": 0.022,
   "params": {
    "s12": 0.5549774770204643,
    "s23": 0.6855654600401044,
    "s13": 0.14832396974191325,
    "delta": 3.141592653589793
   },
   "haar_percentile": {
    "MI": 40.778,
    "MI_norm": 40.778,
    "S_onehot": 37.554500000000004,
    "PR_sv": 36.888,
    "d_anarchy": 37.195499999999996,
    "d_perm": 68.573,
    "absJ": 0.0,
    "sin2_12": 30.8275,
    "sin2_23": 47.006,
    "sin2_13": 4.4135
   }
  }
 },
 "haar": {
  "MI": {
   "mean": 0.26531240159149144,
   "quantiles": {
    "0.1": 0.011365989264789988,
    "0.5": 0.02575254259206938,
    "1": 0.03661547903905672,
    "2.5": 0.057585759548536064,
    "5": 0.07982069147851331,
    "10": 0.10974953276211719,
    "25": 0.1600520179456092,
    "50": 0.23296473646179028,
    "75": 0.3453014794799848,
    "90": 0.4697650811830765,
    "95": 0.5491230808276413,
    "97.5": 0.6200836718083679,
    "99": 0.706782560521831,
    "99.5": 0.7643376079628191,
    "99.9": 0.8718757660261344
   }
  },
  "MI_norm": {
   "mean": 0.24149775523914802,
   "quantiles": {
    "0.1": 0.010345769278231373,
    "0.5": 0.02344097445267992,
    "1": 0.03332884532308216,
    "2.5": 0.05241681723617848,
    "5": 0.07265592448022135,
    "10": 0.0998983298240463,
    "25": 0.14568562503487598,
    "50": 0.21205364154830497,
    "75": 0.3143069516349641,
    "90": 0.42759860419237705,
    "95": 0.49983336841549847,
    "97.5": 0.5644244818707784,
    "99": 0.6433412112827273,
    "99.5": 0.6957300731538832,
    "99.9": 0.79361552298231
   }
  },
  "S_onehot": {
   "mean": 1.2981896238295754,
   "quantiles": {
    "0.1": 0.5983951359164752,
    "0.5": 0.6270063992070675,
    "1": 0.6489670951876373,
    "2.5": 0.6915083237757919,
    "5": 0.7364045124247462,
    "10": 0.7962165479330586,
    "25": 0.8979447650591691,
    "50": 1.1124230450865675,
    "75": 1.5040936009114692,
    "90": 2.0515229354367825,
    "95": 2.4840752173063607,
    "97.5": 2.9197069336063377,
    "99": 3.499729572974787,
    "99.5": 3.9236316191541674,
    "99.9": 4.953892398138462
   }
  },
  "PR_sv": {
   "mean": 1.8288146689215672,
   "quantiles": {
    "0.1": 1.045618080011318,
    "0.5": 1.1014366369309436,
    "1": 1.1430114155494115,
    "2.5": 1.2216155680762002,
    "5": 1.3000144729941685,
    "10": 1.3966190902604896,
    "25": 1.5366141213885753,
    "50": 1.7725658242814344,
    "75": 2.0449088401236084,
    "90": 2.3880126869275897,
    "95": 2.598643250717977,
    "97.5": 2.746800974479821,
    "99": 2.8635487584303876,
    "99.5": 2.9161990757612952,
    "99.9": 2.9720105833680655
   }
  },
  "d_anarchy": {
   "mean": 0.6786240991229177,
   "quantiles": {
    "0.1": 0.15097594946346435,
    "0.5": 0.22497247612657198,
    "1": 0.2673673310838543,
    "2.5": 0.3328495848742755,
    "5": 0.3884421841979117,
    "10": 0.44921463153800634,
    "25": 0.5305968244064085,
    "50": 0.6574898806852321,
    "75": 0.8120828376279589,
    "90": 0.9486777873525252,
    "95": 1.0320289758813943,
    "97.5": 1.1070044439510112,
    "99": 1.183683619658977,
    "99.5": 1.2301251783055862,
    "99.9": 1.3043096188431076
   }
  },
  "d_perm": {
   "mean": 0.8989914629249083,
   "quantiles": {
    "0.1": 0.12398725464069349,
    "0.5": 0.2073526918597401,
    "1": 0.2610076809173398,
    "2.5": 0.3529063434386076,
    "5": 0.44550736677814795,
    "10": 0.5609938616225277,
    "25": 0.7540337475346743,
    "50": 0.9390494677870312,
    "75": 1.0763688500917294,
    "90": 1.1772084780261785,
    "95": 1.2222394597119204,
    "97.5": 1.2510624529359138,
    "99": 1.2763052925924023,
    "99.5": 1.291891074273762,
    "99.9": 1.326553468360111
   }
  },
  "absJ": {
   "mean": 0.02993622589036433,
   "quantiles": {
    "0.1": 3.561642755691806e-05,
    "0.5": 0.00019438474333565502,
    "1": 0.00040200127398443093,
    "2.5": 0.0009882224783959058,
    "5": 0.002025116957242642,
    "10": 0.004155764032839544,
    "25": 0.011287637589421761,
    "50": 0.025424226310713664,
    "75": 0.04511202034146133,
    "90": 0.06336283912439088,
    "95": 0.07270132012827997,
    "97.5": 0.07941399905064636,
    "99": 0.08555980659473154,
    "99.5": 0.08873448786274206,
    "99.9": 0.09289382919328196
   }
  },
  "sin2_12": {
   "mean": 0.49958620140312743,
   "quantiles": {
    "0.1": 0.0010015293079803182,
    "0.5": 0.004779156007812135,
    "1": 0.009509455832846254,
    "2.5": 0.02412589225172362,
    "5": 0.04876163070714098,
    "10": 0.09932669445196689,
    "25": 0.24972526619633778,
    "50": 0.4998900396294474,
    "75": 0.7493626250670844,
    "90": 0.9001758857296401,
    "95": 0.9500980979934723,
    "97.5": 0.9753726367136777,
    "99": 0.9901087805483156,
    "99.5": 0.9951429900891797,
    "99.9": 0.9990592476860082
   }
  },
  "sin2_23": {
   "mean": 0.5000468361751664,
   "quantiles": {
    "0.1": 0.0010968124298807946,
    "0.5": 0.004971087874423941,
    "1": 0.01005664437020332,
    "2.5": 0.025032359878210893,
    "5": 0.050388384022743204,
    "10": 0.09994119368769565,
    "25": 0.2488187940040374,
    "50": 0.5000344245756558,
    "75": 0.7496614171152549,
    "90": 0.9006963017137711,
    "95": 0.9500726441835989,
    "97.5": 0.9749699563815787,