{
  "s_peak_ours": {
    "z": 0.59,
    "sigma": 0.03
  },
  "z_window": [
    0.05,
    2.0
  ],
  "runs": [
    {
      "Rs": 0.0,
      "kind": "groups",
      "ng": 128,
      "z_full": 0.44566394459110326,
      "jk_mean": 0.508212670015164,
      "jk_reps": [
        0.5789837181233541,
        0.4305960306929577,
        0.44786153183433086,
        0.5669960195716452,
        0.5813433958664624,
        0.44102445440397653,
        0.441745400603355,
        0.5771508090252302
      ],
      "jk_sigma": 0.1803272900035349,
      "delta_vs_ours": 0.1443360554088967,
      "combined_sigma": 0.18280572069828388,
      "n_sigma": 0.7895598390332633,
      "verdict": "AGREEMENT"
    },
    {
      "Rs": 4.0,
      "kind": "groups",
      "ng": 128,
      "z_full": 0.5822201683337753,
      "jk_mean": 0.6330183538401366,
      "jk_reps": [
        0.45580845704062134,
        0.4465708813519411,
        0.5761732077993003,
        0.782792462160953,
        0.8136098531132403,
        0.5799317543931817,
        0.5786112386181823,
        0.8306489762436728
      ],
      "jk_sigma": 0.38486262938075505,
      "delta_vs_ours": 0.007779831666224646,
      "combined_sigma": 0.386030106978547,
      "n_sigma": 0.02015343240224783,
      "verdict": "AGREEMENT"
    },
    {
      "Rs": 8.0,
      "kind": "groups",
      "ng": 128,
      "z_full": 0.5852745432447657,
      "jk_mean": 0.7392968136246778,
      "jk_reps": [
        0.9361100212651308,
        0.4421866828804464,
        0.5644034436411247,
        0.807085128953325,
        0.8181574534304965,
        0.8341929961925896,
        0.5798355421845456,
        0.932403240449764
      ],
      "jk_sigma": 0.45838652240660377,
      "delta_vs_ours": 0.004725456755234281,
      "combined_sigma": 0.45936717767382973,
      "n_sigma": 0.01028688374986503,
      "verdict": "AGREEMENT"
    },
    {
      "Rs": 4.0,
      "kind": "galaxies",
      "ng": 128,
      "z_full": 0.5808844567142326,
      "jk_mean": 0.632345050892976,
      "jk_reps": [
        0.4614609640707936,
        0.44548141372193206,
        0.5755327984872509,
        0.7801582895968016,
        0.811736241756531,
        0.5786409815828835,
        0.5772287715314388,
        0.8285209463961762
      ],
      "jk_sigma": 0.38086861540873335,
      "delta_vs_ours": 0.009115543285767358,
      "combined_sigma": 0.38204829826000486,
      "n_sigma": 0.023859662056559483,
      "verdict": "AGREEMENT"
    }
  ]
}