{
  "kind": "groups",
  "ng": 128,
  "box": 205.0,
  "s_peak_ours": {
    "z": 0.59,
    "sigma": 0.03
  },
  "variants": [
    {
      "Rs_Mpch": 2.0,
      "z_min": 2.220446049250313e-16,
      "interior": false,
      "jk_mean": 0.05512046655381886,
      "jk_std": 0.14583504665125757,
      "jk_reps": [
        2.220446049250313e-16,
        0.4409637324305493,
        2.220446049250313e-16,
        2.220446049250313e-16,
        2.220446049250313e-16,
        2.220446049250313e-16,
        2.220446049250313e-16,
        2.220446049250313e-16
      ],
      "G_of_z": [
        [
          3.008131071630377,
          0.7626085401652425
        ],
        [
          2.3161107439568918,
          0.7156554946233779
        ],
        [
          2.0020281392528516,
          0.7149754049124201
        ],
        [
          1.7435705743308647,
          0.7193678746604523
        ],
        [
          1.5312390291576135,
          0.7319806956498549
        ],
        [
          1.3575766674029972,
          0.7478021586039152
        ],
        [
          1.2062580807810006,
          0.7679641709053717
        ],
        [
          1.1141505637653806,
          0.7768528489312105
        ],
        [
          1.035510445664141,
          0.7875618312515069
        ],
        [
          0.9505313515850327,
          0.8057229434400361
        ],
        [
          0.8868969375752482,
          0.8217481299236491
        ],
        [
          0.8167099790118506,
          0.8368424201470182
        ],
        [
          0.7910682489463392,
          0.8444531849470112
        ],
        [
          0.7001063537185233,
          0.8647281684710934
        ],
        [
          0.6446418406845371,
          0.8795994556983593
        ],
        [
          0.5985432881875667,
          0.8938808503736816
        ],
        [
          0.5463921831410221,
          0.9132318844380894
        ],
        [
          0.5030475232448832,
          0.9262209078350521
        ],
        [
          0.4402978492477432,
          0.9511590985683467
        ],
        [
          0.3999269646135635,
          0.9645076536335359
        ],
        [
          0.36068765726181673,
          0.9802878540213917
        ],
        [
          0.32882972420595435,
          0.9913081258121402
        ],
        [
          0.2733533465784399,
          1.0083974031406155
        ],
        [
          0.22598838626019768,
          1.0234328421884182
        ],
        [
          0.15274876890238098,
          1.044011897357437
        ],
        [
          2.220446049250313e-16,
          1.1135389902699968
        ]
      ]
    },
    {
      "Rs_Mpch": 4.0,
      "z_min": 2.220446049250313e-16,
      "interior": false,
      "jk_mean": 0.056501785901523355,
      "jk_std": 0.14948967412644562,
      "jk_reps": [
        2.220446049250313e-16,
        0.4520142872121853,
        2.220446049250313e-16,
        2.220446049250313e-16,
        2.220446049250313e-16,
        2.220446049250313e-16,
        2.220446049250313e-16,
        2.220446049250313e-16
      ],
      "G_of_z": [
        [
          3.008131071630377,
          0.3224238117964346
        ],
        [
          2.3161107439568918,
          0.3033880994752574
        ],
        [
          2.0020281392528516,
          0.30536040549377064
        ],
        [
          1.7435705743308647,
          0.3071807688442869
        ],
        [
          1.5312390291576135,
          0.3142087471238192
        ],
        [
          1.3575766674029972,
          0.32161214079448625
        ],
        [
          1.2062580807810006,
          0.3318995408848934
        ],
        [
          1.1141505637653806,
          0.33565930197021726
        ],
        [
          1.035510445664141,
          0.3408628895835562
        ],
        [
          0.9505313515850327,
          0.3505018278307569
        ],
        [
          0.8868969375752482,
          0.3592301955338284
        ],
        [
          0.8167099790118506,
          0.3670076514396807
        ],
        [
          0.7910682489463392,
          0.3711973821732599
        ],
        [
          0.7001063537185233,
          0.3801140600870272
        ],
        [
          0.6446418406845371,
          0.38722575177454777
        ],
        [
          0.5985432881875667,
          0.3944801130022016
        ],
        [
          0.5463921831410221,
          0.4050655979474511
        ],
        [
          0.5030475232448832,
          0.4115511644883298
        ],
        [
          0.4402978492477432,
          0.4248504525771082
        ],
        [
          0.3999269646135635,
          0.4314790413653976
        ],
        [
          0.36068765726181673,
          0.43986503115866576
        ],
        [
          0.32882972420595435,
          0.4453813423902942
        ],
        [
          0.2733533465784399,
          0.45360485749323043
        ],
        [
          0.22598838626019768,
          0.4608429068433709
        ],
        [
          0.15274876890238098,
          0.47021553714411435
        ],
        [
          2.220446049250313e-16,
          0.5089592281097419
        ]
      ]
    },
    {
      "Rs_Mpch": 8.0,
      "z_min": 2.220446049250313e-16,
      "interior": false,
      "jk_mean": 2.220446049250313e-16,
      "jk_std": 0.0,
      "jk_reps": [
        2.220446049250313e-16,
        2.220446049250313e-16,
        2.220446049250313e-16,
        2.220446049250313e-16,
        2.220446049250313e-16,
        2.220446049250313e-16,
        2.220446049250313e-16,
        2.220446049250313e-16
      ],
      "G_of_z": [
        [
          3.008131071630377,
          0.10621385130883432
        ],
        [
          2.3161107439568918,
          0.09984514788922844
        ],
        [
          2.0020281392528516,
          0.10174270750662881
        ],
        [
          1.7435705743308647,
          0.10188697381983697
        ],
        [
          1.5312390291576135,
          0.10500730445544101
        ],
        [
          1.3575766674029972,
          0.10736331991220752
        ],
        [
          1.2062580807810006,
          0.1110700169844443
        ],
        [
          1.1141505637653806,
          0.112263810998638
        ],
        [
          1.035510445664141,
          0.11439580230286094
        ],
        [
          0.9505313515850327,
          0.11854780901629584
        ],
        [
          0.8868969375752482,
          0.1223071765005929
        ],
        [
          0.8167099790118506,
          0.12526350926204155
        ],
        [
          0.7910682489463392,
          0.12692873269132954
        ],
        [
          0.7001063537185233,
          0.12955518286971604
        ],
        [
          0.6446418406845371,
          0.13223968834296948
        ],
        [
          0.5985432881875667,
          0.13509805862228186
        ],
        [
          0.5463921831410221,
          0.13936845829766534
        ],
        [
          0.5030475232448832,
          0.14172957683083623
        ],
        [
          0.4402978492477432,
          0.14648416474203746
        ],
        [
          0.3999269646135635,
          0.14893671263821906
        ],
        [
          0.36068765726181673,
          0.15221884072454483
        ],
        [
          0.32882972420595435,
          0.15409511311335544
        ],
        [
          0.2733533465784399,
          0.15673528659728939
        ],
        [
          0.22598838626019768,
          0.15960892919167785
        ],
        [
          0.15274876890238098,
          0.16223196241400725
        ],
        [
          2.220446049250313e-16,
          0.17925311124960963
        ]
      ]
    },
    {
      "Rs_Mpch": 16.0,
      "z_min": 2.594076339920054,
      "interior": true,
      "jk_mean": 2.220446049250313e-16,
      "jk_std": 0.0,