{
  "status": "complete",
  "timestamp": "2026-05-22T20:59:17.423524+00:00",
  "model": "Qwen/Qwen2.5-0.5B",
  "n_tokens": 512,
  "layer": 12,
  "note": "Secondary substrate. No independently measured LLM corridor-exit rate exists, so no FDT anchor; only pole-discrimination is testable here.",
  "results": {
    "corridor": {
      "label": "corridor",
      "n": 512,
      "rho_mean": 0.022144691325048017,
      "rho_std": 0.02335599575679316,
      "rho_min": 0.0,
      "rho_max": 0.08198385731321456,
      "psd_fit": {
        "S0": 0.0012889253232372905,
        "fc": 0.4999999999960764,
        "R2": -0.15541839742029384
      },
      "tau_acf_tokens": 1.158645497558335,
      "freqs": [
        0.0,
        0.0078125,
        0.015625,
        0.0234375,
        0.03125,
        0.0390625,
        0.046875,
        0.0546875,
        0.0625,
        0.0703125,
        0.078125,
        0.0859375,
        0.09375,
        0.1015625,
        0.109375,
        0.1171875,
        0.125,
        0.1328125,
        0.140625,
        0.1484375,
        0.15625,
        0.1640625,
        0.171875,
        0.1796875,
        0.1875,
        0.1953125,
        0.203125,
        0.2109375,
        0.21875,
        0.2265625,
        0.234375,
        0.2421875,
        0.25,
        0.2578125,
        0.265625,
        0.2734375,
        0.28125,
        0.2890625,
        0.296875,
        0.3046875,
        0.3125,
        0.3203125,
        0.328125,
        0.3359375,
        0.34375,
        0.3515625,
        0.359375,
        0.3671875,
        0.375,
        0.3828125,
        0.390625,
        0.3984375,
        0.40625,
        0.4140625,
        0.421875,
        0.4296875,
        0.4375,
        0.4453125,
        0.453125,
        0.4609375,
        0.46875,
        0.4765625,
        0.484375,
        0.4921875,
        0.5
      ],
      "psd": [
        0.00010718966735093225,
        0.0007761233621605109,
        0.000917054413676302,
        0.0013488959135630903,
        0.0011991836399520893,
        0.0012340028562569693,
        0.001281918116626413,
        0.0013284012979819574,
        0.001661925620797105,
        0.0011968752994115427,
        0.0010602019627728677,
        0.001279171795937361,
        0.0008357134757031122,
        0.0014196301972280445,
        0.0016712857114553616,
        0.000969652401689838,
        0.001097684195705736,
        0.0007046361529530652,
        0.0006396475203457223,
        0.000693826378141287,
        0.0012389526687687376,
        0.0011977411898541276,
        0.0010396717934703771,
        0.0009332094480742883,
        0.0010804962735941942,
        0.0013780468554966446,
        0.000620028400299912,
        0.0008368174312175477,
        0.0013252213203774556,
        0.0008184150804463759,
        0.0007245114103580431,
        0.0010414560089967038,
        0.000609308677816197,
        0.001201917516001317,
        0.0011636145712360202,
        0.0015269675808067828,
        0.0014474421758431631,
        0.0008436002222636626,
        0.00045391210324325113,
        0.000665262909525075,
        0.000981062784412222,
        0.0006783954472994674,
        0.000321455588997289,
        0.0010287805186502041,
        0.0012730961023152013,
        0.0010812729493066208,
        0.001306021927497456,
        0.001205647733290885,
        0.002084950696090177,
        0.0013735984045785356,
        0.0006784222376188448,
        0.0008991391112191551,
        0.0013415748154230168,
        0.001080065389438619,
        0.0006416726232411151,
        0.0007734593821989647,
        0.0009920121024282957,
        0.000830766550865325,
        0.0006838044958609202,
        0.0009262564805176302,
        0.0009557912894393976,
        0.001257175096718021,
        0.0013705448962850434,
        0.0008808635016882431,
        0.00025543063999066887
      ]
    },
    "rigidity": {
      "label": "rigidity",
      "n": 512,
      "rho_mean": 0.026859775479476836,
      "rho_std": 0.02505848756614757,
      "rho_min": 0.0,
      "rho_max": 0.0843973336761481,
      "psd_fit": {
        "S0": 0.001786719513788724,
        "fc": 0.3076744245160582,
        "R2": 0.34498466124837623
      },
      "tau_acf_tokens": 2.0324025849573393,
      "freqs": [
        0.0,
        0.0078125,
        0.015625,
        0.0234375,
        0.03125,
        0.0390625,
        0.046875,
        0.0546875,
        0.0625,
        0.0703125,
        0.078125,
        0.0859375,
        0.09375,
        0.1015625,
        0.109375,
        0.1171875,
        0.125,
        0.1328125,
        0.140625,
        0.1484375,
        0.15625,
        0.1640625,
        0.171875,
        0.1796875,
        0.1875,
        0.1953125,
        0.203125,
        0.2109375,
        0.21875,
        0.2265625,
        0.234375,
        0.2421875,
        0.25,
        0.2578125,
        0.265625,
        0.2734375,
        0.28125,
        0.2890625,
        0.296875,
        0.3046875,
        0.3125,
        0.3203125,
        0.328125,
        0.3359375,
        0.34375,
        0.3515625,
        0.359375,
        0.3671875,
        0.375,
        0.3828125,
        0.390625,
        0.3984375,
        0.40625,
        0.4140625,
        0.421875,
        0.4296875,
        0.4375,
        0.4453125,
        0.453125,
        0.4609375,
        0.46875,
        0.4765625,
        0.484375,
        0.4921875,
        0.5
      ],
      "psd": [
        0.00013288518584551203,
        0.0015333039297777198,
        0.0016531850173860348,
        0.00200274662101061,
        0.0013291517582687434,
        0.0024848680419647306,
        0.0018775759140736007,
        0.0008704322215320081,
        0.0017762667328686216,
        0.0024722253466389252,
        0.003414427939026029,
        0.00218139779568853,
        0.0011170734108809054,
        0.0007125193411686047,
        0.001077039241826739,
        0.0010791636003480711,
        0.002028374827780898,
        0.001584843615742484,
        0.0008168649101605301,
        0.0008988458562887659,
        0.002177471419706248,
        0.0020243261090939478,
        0.0005062816485548858,
        0.0006388124343632447,
        0.0005198441334242234,
        0.0010127642574320516,
        0.002649180486480438,
        0.002640684111245578,
        0.0002686157540156038,
        0.0006613676814148579,
        0.0012549724614351822,
        0.001504755992836101,
        0.0013656835130822097,
        0.0007610643826361666,
        0.00044496287752047325,
        0.0004622717988035305,
        0.0013986967739592904,
        0.0016761892374606798,
        0.0008297634640609859,
        0.000712025358470182,
        0.00042593105001431,
        0.0010799205543244202,
        0.00036649889721738994,
        0.000779897486324173,
        0.0004261827059636489,
        0.0003431462782025465,
        0.0005716755638616683,
        0.0004884221567997277,
        0.0005901161067085837,
        0.0009331916244198584,
        0.0007309221371199188,
        0.0012243857766152473,
        0.000993829532191456,
        0.0005839772229722338,
        0.00053413516124879,
        0.0009453482822468727,
        0.0008610121337854674,
        0.0009015042958713046,
        0.0005128557356098545,
        0.0004894579452228727,
        0.0004775880049206631,
        0.0006213410347331467,
        0.0009495131822108236,
        0.0010288482907646,
        0.0003361507717315047
      ]
    },
    "chaos": {
      "label": "chaos",
      "n": 512,
      "rho_mean": 0.028950706238844784,
      "rho_std": 0.023837174105428703,
      "rho_min": 0.0,
      "rho_max": 0.08348356799551349,
      "psd_fit": {
        "S0": 0.0014273376864606306,
        "fc": 0.49999999440616166,
        "R2": 0.17961095642295943
      },
      "tau_acf_tokens": 1.1087676004333546,