{
 "propofol": {
  "injection_t": 85.985,
  "deep_t0": 553.553,
  "deep_t1": 1098.098,
  "search_window": [
   85.985,
   643.553
  ],
  "k_eff": {
   "sep": {
    "awake": 13.929995230572661,
    "deep": 6.198996801148951,
    "separated": true,
    "mw_p": 1.1041211682892765e-33,
    "cliffs": 0.9993827160493827
   },
   "t_mid": 142.16728237245016,
   "t_mid_ci": [
    139.70669073892338,
    147.45422639571697
   ],
   "cliffs_abs": 0.9993827160493827
  },
  "db_winding": {
   "sep": {
    "awake": 3.101304039184155,
    "deep": 2.3383725669233644,
    "separated": true,
    "mw_p": 1.0151655286606038e-07,
    "cliffs": 0.43991769547325105
   },
   "t_mid": 128.3483467280662,
   "t_mid_ci": [
    115.07009282732538,
    250.22465053457785
   ],
   "cliffs_abs": 0.43991769547325105
  },
  "db_circ": {
   "sep": {
    "awake": 5.431187951525452,
    "deep": 0.9320323064634293,
    "separated": true,
    "mw_p": 4.737806294589327e-23,
    "cliffs": 0.8168724279835391
   },
   "t_mid": 183.16519755759873,
   "t_mid_ci": [
    86.4786550827373,
    245.28304981273956
   ],
   "cliffs_abs": 0.8168724279835391
  }
 },
 "ketamine": {
  "injection_t": 23.757,
  "deep_t0": 916.716,
  "deep_t1": 1502.235,
  "search_window": [
   23.757,
   1006.716
  ],
  "k_eff": {
   "sep": {
    "awake": 13.765930072200346,
    "deep": 5.253333450729182,
    "separated": true,
    "mw_p": 2.397193672785652e-34,
    "cliffs": 1.0
   },
   "t_mid": 175.5483277415471,
   "t_mid_ci": [
    174.8223134284056,
    269.61815796542436
   ],
   "cliffs_abs": 1.0
  },
  "db_winding": {
   "sep": {
    "awake": 3.2747305196048955,
    "deep": 4.335669231546433,
    "separated": true,
    "mw_p": 9.53641094914634e-05,
    "cliffs": -0.3193573667711599
   },
   "t_mid": 118.8877102942682,
   "t_mid_ci": [
    19.140011883531997,
    128.53002689940226
   ],
   "cliffs_abs": 0.3193573667711599
  },
  "db_circ": {
   "sep": {
    "awake": 5.557349283172043,
    "deep": 6.856005278944438,
    "separated": true,
    "mw_p": 0.017811511935702,
    "cliffs": -0.1939655172413793
   },
   "t_mid": 121.06649630395074,
   "t_mid_ci": [
    52.36406773851516,
    235.481727979399
   ],
   "cliffs_abs": 0.1939655172413793
  }
 }
}