{
 "propofol": {
  "injection_t": 84.25,
  "deep_t0": 784.951,
  "deep_t1": 1335.502,
  "search_window": [
   84.25,
   874.951
  ],
  "k_eff": {
   "sep": {
    "awake": 7.098730438648524,
    "deep": 7.884748913322315,
    "separated": true,
    "mw_p": 0.0014752932706742223,
    "cliffs": -0.5078787878787879
   },
   "t_mid": 127.91960966291245,
   "t_mid_ci": [
    119.26339093006483,
    646.953476481628
   ],
   "cliffs_abs": 0.5078787878787879
  },
  "db_winding": {
   "sep": {
    "awake": 3.3737898245648017,
    "deep": 2.3982426755522113,
    "separated": true,
    "mw_p": 0.0007532262422691517,
    "cliffs": 0.5381818181818182
   },
   "t_mid": 90.22692318877371,
   "t_mid_ci": [
    83.81796291162338,
    161.64191995335653
   ],
   "cliffs_abs": 0.5381818181818182
  },
  "db_circ": {
   "sep": {
    "awake": 5.244915806756701,
    "deep": 1.0679400421735237,
    "separated": true,
    "mw_p": 9.755562034958995e-07,
    "cliffs": 0.7818181818181819
   },
   "t_mid": 208.4362570828216,
   "t_mid_ci": [
    79.64027888476325,
    345.8286542113491
   ],
   "cliffs_abs": 0.7818181818181819
  }
 },
 "ketamine": {
  "injection_t": 41.107,
  "deep_t0": 1417.183,
  "deep_t1": 1869.336,
  "search_window": [
   41.107,
   1507.183
  ],
  "k_eff": {
   "sep": {
    "awake": 5.831666883351448,
    "deep": 6.943744864517732,
    "separated": true,
    "mw_p": 2.656985335589622e-07,
    "cliffs": -0.4396215257244234
   },
   "t_mid": 91.88284394524294,
   "t_mid_ci": [
    81.84837464479857,
    96.15424270126596
   ],
   "cliffs_abs": 0.4396215257244234
  },
  "db_winding": {
   "sep": {
    "awake": 3.129522846930286,
    "deep": 4.707098022316682,
    "separated": true,
    "mw_p": 1.1444820947909989e-13,
    "cliffs": -0.6340626848018923
   },
   "t_mid": 438.0562857802851,
   "t_mid_ci": [
    62.458095117514326,
    455.03432325541536
   ],
   "cliffs_abs": 0.6340626848018923
  },
  "db_circ": {
   "sep": {
    "awake": 2.895567938025544,
    "deep": 4.619053712649922,
    "separated": true,
    "mw_p": 8.219964850015527e-06,
    "cliffs": -0.3809580130100532
   },
   "t_mid": 97.59327570516113,
   "t_mid_ci": [
    66.12550317415253,
    108.94890074135512
   ],
   "cliffs_abs": 0.3809580130100532
  }
 }
}