{
 "N": 97,
 "T": 2010,
 "window": 60,
 "horizon": 20,
 "spearman_keff_fwdvol": -0.4423467917599357,
 "p_fwdvol": 2.8243912704610787e-93,
 "spearman_keff_fwddd": 0.40723329983156886,
 "p_fwddd": 5.410876783367938e-78,
 "fwdvol_low_keff": 0.19654826404211465,
 "fwdvol_high_keff": 0.10893945711709484,
 "keff_mean": 8.780319633942048,
 "keff_min": 1.5677826456641422,
 "keff_max": 18.152347791589605
}