{
 "N": 486,
 "T": 1504,
 "PR": 11.144810818553866,
 "beta": 0.04441136091196889,
 "market_mode_frac": 0.2834647013310077,
 "saturation_curve": [
  [
   20,
   7.60101878353565,
   0.8384076439400252
  ],
  [
   30,
   8.748724099041247,
   0.7816941258372987
  ],
  [
   50,
   10.1558451134742,
   0.9226814020452241
  ],
  [
   75,
   10.210871141065999,
   0.7162822165060998
  ],
  [
   100,
   10.47137427320715,
   0.7319213823703308
  ],
  [
   150,
   10.566846281898904,
   0.7229088206638193
  ],
  [
   200,
   10.79578127585163,
   0.28543957539706016
  ],
  [
   300,
   11.243608966208686,
   0.21189349280623665
  ],
  [
   400,
   11.057139249309529,
   0.1693325089252511
  ],
  [
   486,
   11.144810818553866,
   0.0
  ]
 ],
 "top_eigs": [
  137.76384483200553,
  31.21016532414158,
  23.163203962050858,
  11.566204936933152,
  9.484281056219833,
  8.347342131671988,
  7.544882408065882,
  5.550612813373158,
  5.380562802889642,
  4.80978181516689,
  3.947601677173193,
  3.5490077485974103
 ],
 "verdict": "SATURATES (low-rank holds at full market)"
}