{
 "substrate": "IllustrisTNG TNG50-1-Subbox0/1 fine-cadence subbox; TNG50-1-Subbox1, most massive galaxy by gas-mass peak -- GAS (PartType0)",
 "construction": "Eulerian disk-aligned 3D grid (+/-60 kpc/h, 8^3 cells) + 12 radial shells in the gas-density-tracked galaxy frame; cells x snapshots; scalars logrho / logT / v_r; region-overlapping chunks streamed per subbox snapshot (no whole-subbox download).",
 "window": [
  3547,
  3599
 ],
 "T": 14,
 "cadence_Myr_mean": 33.94510161846712,
 "saturation": {
  "logrho": {
   "scalar": "logrho",
   "N": 438,
   "T": 14,
   "PR_keff": 3.1523003725135537,
   "mp_edge": 43.47244111454393,
   "eff_rank_mp": 2,
   "eff_rank_surr": 1,
   "beta_top": 0.010472446925628029,
   "top_eigs": [
    227.89250040831263,
    76.4724019296269,
    42.859309586722595,
    23.748144508659013,
    17.863942768779562,
    11.404492542277877,
    9.010521537881315,
    6.530115721995962,
    5.543027217904699,
    4.858470612503187,
    4.529260265021275,
    3.8486663002374972
   ],
   "subsample": [
    [
     8,
     2.3890951222949397,
     0.4311604370975981
    ],
    [
     12,
     2.4936770858622976,
     0.46283530322542704
    ],
    [
     16,
     2.818733080081321,
     0.5642407859292116
    ],
    [
     24,
     3.1303445053705268,
     0.5490373423603919
    ],
    [
     32,
     3.002693685879939,
     0.39253043114051717
    ],
    [
     48,
     3.088954286536075,
     0.3766674984886201
    ],
    [
     64,
     2.9893708193019535,
     0.35994072792447696
    ],
    [
     100,
     3.0955745071072602,
     0.2440056946793209
    ],
    [
     150,
     3.106202081025705,
     0.15066672264728329
    ],
    [
     200,
     3.1546938512600318,
     0.16146018658326036
    ],
    [
     300,
     3.1017602475894357,
     0.09670127850541678
    ],
    [
     400,
     3.1643801622367724,
     0.05065831744954089
    ],
    [
     438,
     3.152300372513551,
     1.1537776118301384e-15
    ]
   ]
  },
  "logT": {
   "scalar": "logT",
   "N": 438,
   "T": 14,
   "PR_keff": 1.8098788231321965,
   "mp_edge": 43.47244111454393,
   "eff_rank_mp": 2,
   "eff_rank_surr": 1,
   "beta_top": -0.0034468698550640725,
   "top_eigs": [
    316.3209673949283,
    74.52237600198322,
    14.37761447287034,
    9.679608957690569,
    6.732928487483373,
    3.9365182365447193,
    2.7573930130134006,
    2.177366184003759,
    2.1364519514803177,
    1.7185232445582663,
    1.5637194407281525,
    1.1262463817918817
   ],
   "subsample": [
    [
     8,
     1.5994794369132102,
     0.20955778686849272
    ],
    [
     12,
     1.5415130419632395,
     0.23083596344130644
    ],
    [
     16,
     1.7682349454738167,
     0.25639915713312866
    ],
    [
     24,
     1.7939312636591247,
     0.19982349398360325
    ],
    [
     32,
     1.7861329726851491,
     0.19133427259981284
    ],
    [
     48,
     1.793719072081121,
     0.12764710238054053
    ],
    [
     64,
     1.7745761045427564,
     0.15501644678467347
    ],
    [
     100,
     1.7744773472975506,
     0.09690203789713567
    ],
    [
     150,
     1.8215835297880154,
     0.07704914346905592
    ],
    [
     200,
     1.7989253084426455,
     0.04742256210934846
    ],
    [
     300,
     1.805355819458026,
     0.04000124563226067
    ],
    [
     400,
     1.8065835959517824,
     0.020814097119199588
    ],
    [
     438,
     1.8098788231321958,
     5.617333549722722e-16
    ]
   ]
  },
  "v_r": {
   "scalar": "v_r",
   "N": 438,
   "T": 14,
   "PR_keff": 1.8986766191616626,
   "mp_edge": 43.47244111454393,
   "eff_rank_mp": 2,
   "eff_rank_surr": 1,
   "beta_top": 0.008234796641139087,
   "top_eigs": [
    305.4453159506686,
    85.50315281793561,
    13.997134891140238,
    12.264161802393144,
    7.762358817535622,
    3.363744653523421,
    2.431593709958895,
    1.8202273225112,
    1.3583759127933879,
    1.2247842711642039,
    1.1672763466833518,
    1.0037391165688454
   ],
   "subsample": [
    [
     8,
     1.8847154460177635,
     0.37301601700598097
    ],
    [
     12,
     1.7506471949818008,
     0.28990416334831504
    ],
    [
     16,
     1.9576055750792496,
     0.29855239359075897
    ],
    [
     24,
     1.8735943779889137,
     0.19227234400322055
    ],
    [
     32,
     1.842696696409955,
     0.19413434232192342
    ],
    [
     48,
     1.9004445960173555,
     0.13305754029055702
    ],
    [
     64,
     1.857825476416819,
     0.1038148108487248
    ],
    [
     100,
     1.838081584240713,
     0.12242183813418515
    ],
    [
     150,
     1.8829702154149532,
     0.07231721300699079
    ],
    [
     200,
     1.8842066892395224,
     0.06487144294149107
    ],
    [
     300,
     1.879755171297394,
     0.04715350203104652
    ],
    [
     400,
     1.8999454129211273,
     0.016779342536178386
    ],
    [
     438,
     1.8986766191616629,
     6.280369834735101e-16
    ]
   ]
  }
 },
 "saturation_verdict": "LOW-RANK",
 "winding_calibrators": {
  "OU-equilibrium": {
   "z": -1.4384941748923792,
   "block": 4
  },
  "relaxation": {
   "z": 1.4638169612467966,
   "block": 4
  },
  "limit_cycle": {
   "z": 2.713780077534182,
   "block": 4
  },
  "OU-driven": {
   "z": 3.336421303148849,
   "block": 4
  }
 },
 "winding": {
  "logrho": {
   "pair": [
    0,
    1
   ],
   "winding_rate": 0.34642162931445497,
   "se": 0.03200720160189018,
   "z": 10.823240144904572,
   "T": 14,
   "block": 4
  },
  "logT": {
   "pair": [
    1,
    2
   ],
   "winding_rate": 0.5988013816147792,
   "se": 0.06178539943284538,
   "z": 9.691632442320381,
   "T": 14,
   "block": 4
  },
  "v_r": {
   "pair": [
    0,
    1
   ],
   "winding_rate": 0.3670882820444729,
   "se": 0.030387580209741964,
   "z": 12.080207752597154,
   "T": 14,
   "block": 4
  }
 },
 "thermodynamic_circulation": {
  "logrho_logT_percell": {
   "mean_omega": -0.004576309628377413,
   "z": -2.2762645425906833,
   "ncells": 438
  },
  "global_meanstate_logrho_logT": {
   "omega": 0.01805947382697892,
   "z": 0.06626196183874554,
   "traj_logrho": [
    0.9491184847740624,
    0.9153459897495563,
    0.8672189069553906,
    0.8453338078823309,
    0.7596189019265276,
    0.6800191606026299,
    0.5245406535563006,
    -2.723843669224188,
    0.01731723758547277,
    -0.12631849109613294,
    -0.3722330410490622,
    -0.5700286379045802,
    -0.7794547739537229,
    -0.9866345298043067
   ],
   "traj_logT": [
    1.4801511325006005,
    1.3195200596458412,
    1.0616069404054729,
    0.8896530741398958,
    0.7036581187344378,
    0.44771997373516703,
    0.21842907928543062,
    0.13300479955329403,
    -0.41329043344394,
    -0.7504308641743419,
    -0.9636993698323497,
    -1.2249260040334757,
    -1.360222887695786,
    -1.5411736188213783
   ]
  },
  "logrho_vr_percell": {
   "mean_omega": -0.00032361433792761304,
   "z": -0.197543456555079,
   "ncells": 438,
   "confounded": "position-velocity plane: reversible breathing / one-way inflow also circulate; NOT broken-DB evidence"
  },
  "shell_meanstate_logrho_logT": {
   "omega": -0.15227744702456744,
   "z": -0.6441222438365477,
   "traj_logrho": [
    1.4714835620740472,
    1.2767621312690989,
    1.0616989482892827,
    0.9027758273083473,
    0.7215047655721204,
    0.4776285103037015,
    0.21095167314426838,
    -2.1589870956731643,
    -0.31572526646024773,
    -0.5478953023943992,
    -0.712738879570842,
    -0.8034169700630052,
    -0.7964988853818449,
    -0.7875430184183032
   ],
   "traj_logT": [
    -0.6530378595891526,
    -0.9298846606093364,
    -0.7143018817154324,
    -1.0702079403419955,
    -0.9061879964035189,
    -0.7660145241278932,
    -0.8373377714405541,
    -0.3641840018635269,
    0.05957782142900235,
    0.4796422402051071,
    0.9705194852472064,
    1.5952545756874688,
    1.8625768459644427,
    1.2735856675592654
   ]
  }
 },
 "detailed_balance_verdict": "MARGINAL configuration-plane circulation (2<|z|<3): weak/ambiguous sustained cycle at this T.",