{
 "dataset": "DANDI:000140 MC_Maze_Small sub-Jenkins (macaque M1+PMd, delayed reach)",
 "source_asset": "sub-Jenkins_ses-small_desc-train_behavior+ecephys.nwb (29.2 MB)",
 "n_units": 142,
 "n_reaches": 100,
 "span_s": 293.6653,
 "bin_s": 0.02,
 "reference_nulls": {
  "winding_null_ceiling": 1.5,
  "calcium_celegans_median_absz": 2.75,
  "clean_cycle_synthetic_absz": 16.0
 },
 "saturation": {
  "whole_session": {
   "label": "whole-session",
   "N": 142,
   "T": 14684,
   "PR": 117.2381762451799,
   "eff_rank_surr": 7,
   "eff_rank_mp": 20,
   "mp_edge": 1.206346667108995,
   "beta_sub": 0.8813571344473362,
   "top_eigs": [
    4.872387522251579,
    2.8239629095232486,
    2.360606809315789,
    2.2145157986374087,
    1.8540696186842234,
    1.7253309055089083
   ],
   "subsample": [
    [
     10,
     9.871056736154943,
     0.06051451962515591
    ],
    [
     15,
     14.715659325808646,
     0.13527609356769435
    ],
    [
     20,
     19.431267204422596,
     0.252366885707813
    ],
    [
     30,
     28.747785531032086,
     0.3396332043945973
    ],
    [
     40,
     37.868124688139844,
     0.38388722431112493
    ],
    [
     60,
     54.83921315096059,
     0.7828544129041413
    ],
    [
     80,
     71.7382998610384,
     1.074826080665608
    ],
    [
     100,
     86.9993860943361,
     0.9463109426114477
    ],
    [
     120,
     101.77848303340902,
     0.9819253155183264
    ],
    [
     140,
     115.88597306242424,
     0.3351016080657207
    ]
   ],
   "verdict": "power-law/critical"
  },
  "move_aligned": {
   "label": "move-aligned",
   "N": 142,
   "T": 3000,
   "PR": 106.73016144843626,
   "eff_rank_surr": 2,
   "eff_rank_mp": 17,
   "mp_edge": 1.482457836588819,
   "beta_sub": 0.8268505988509744,
   "top_eigs": [
    4.493640631764823,
    3.4497087270976623,
    2.9817574454182987,
    2.3761509842269017,
    2.3172029287163065,
    2.1265630047993733
   ],
   "subsample": [
    [
     10,
     9.808864461506127,
     0.07776661252510171
    ],
    [
     15,
     14.506411429265786,
     0.18449678773514647
    ],
    [
     20,
     19.181946751705052,
     0.2450811891156314
    ],
    [
     30,
     28.20532985402575,
     0.30337324073925587
    ],
    [
     40,
     36.74441122777422,
     0.5853730182250232
    ],
    [
     60,
     52.371497085405835,
     0.9447634778538548
    ],
    [
     80,
     67.53911973663224,
     0.9460394058415258
    ],
    [
     100,
     81.17980994885725,
     0.9799757521176536
    ],
    [
     120,
     93.74659925920506,
     0.9345997492498013
    ],
    [
     140,
     105.58936648615229,
     0.29861763472992126
    ]
   ],
   "verdict": "power-law/critical"
  }
 },
 "detailed_balance": {
  "whole_session": {
   "label": "whole-session",
   "winding_rate": 0.030823494570552036,
   "z": 8.830001120229488,
   "abs_z": 8.830001120229488,
   "pair": [
    0,
    1
   ],
   "T": 14684
  },
  "move_aligned": {
   "label": "move-aligned",
   "winding_rate": -0.07243800777689645,
   "z": -5.814655950741469,
   "abs_z": 5.814655950741469,
   "pair": [
    0,
    2
   ],
   "T": 3000
  }
 },
 "calibrators": {
  "whole_session": {
   "OU_equilibrium(null)": 0.6021744089865511,
   "relaxation(null)": 2.342664633292513,
   "noisy_limit_cycle": 35.096082898313846,
   "OU_driven(NESS)": 92.23702016176627
  },
  "move_aligned": {
   "OU_equilibrium(null)": 1.4601944975634213,
   "relaxation(null)": 1.1992198431416214,
   "noisy_limit_cycle": 11.469826155398003,
   "OU_driven(NESS)": 50.12676019309702
  }
 },
 "robustness": [
  {
   "bin_ms": 10,
   "smooth_sigma": 1.0,
   "abs_z": 4.63834945168835,
   "eff_rank_surr": 8,
   "PR": 131.82427067873735,
   "T": 29367
  },
  {
   "bin_ms": 10,
   "smooth_sigma": 2.5,
   "abs_z": 10.257131371682437,
   "eff_rank_surr": 8,
   "PR": 110.71599505347424,
   "T": 29367
  },
  {
   "bin_ms": 20,
   "smooth_sigma": 1.0,
   "abs_z": 8.830001120229488,
   "eff_rank_surr": 8,
   "PR": 117.2381762451799,
   "T": 14684
  },
  {
   "bin_ms": 20,
   "smooth_sigma": 2.5,
   "abs_z": 17.340755084182373,
   "eff_rank_surr": 6,
   "PR": 87.03382649105292,
   "T": 14684
  },
  {
   "bin_ms": 50,
   "smooth_sigma": 1.0,
   "abs_z": 23.1298419052734,
   "eff_rank_surr": 6,
   "PR": 87.1264410954046,
   "T": 5874
  },
  {
   "bin_ms": 50,
   "smooth_sigma": 2.5,
   "abs_z": 44.029788783958374,
   "eff_rank_surr": 5,
   "PR": 58.10478752031435,
   "T": 5874
  }
 ]
}