{
 "note": "broken-detailed-balance (bound vs coordinating) on top collective modes",
 "T": 26,
 "N": 25579,
 "estimator": "omega=<x dy - y dx>/<x^2+y^2>; null=phase-randomized modes",
 "calibration": {
  "OU-equilibrium (reversible)": {
   "pairs": {
    "0-1": {
     "omega": -0.11522440660198882,
     "null_sd": 0.10921845567553645,
     "z": -1.069061216475495
    },
    "0-2": {
     "omega": -0.008300716427450594,
     "null_sd": 0.11822063550797798,
     "z": -0.0792728889535164
    },
    "1-2": {
     "omega": 0.001831323934421932,
     "null_sd": 0.11501850946718069,
     "z": 0.006417461985865376
    }
   },
   "circulation": {
    "circulation_sum": 0.12535644696386133,
    "null_mean": 0.28010054651192245,
    "null_sd": 0.11275386985345817,
    "z": -1.3724061067509576
   }
  },
  "OU-driven (NESS, breaks DB)": {
   "pairs": {
    "0-1": {
     "omega": 0.8172785786224793,
     "null_sd": 0.25952379904035094,
     "z": 3.1330491053983365
    },
    "0-2": {
     "omega": 0.17878213275597216,
     "null_sd": 0.13208036521833535,
     "z": 1.3384138331477469
    },
    "1-2": {
     "omega": -0.23602170297625544,
     "null_sd": 0.14193918740925562,
     "z": -1.6738926046775493
    }
   },
   "circulation": {
    "circulation_sum": 1.232082414354707,
    "null_mean": 0.4455641955358612,
    "null_sd": 0.18085015149522957,
    "z": 4.349005031578551
   }
  },
  "relaxation (transient)": {
   "pairs": {
    "0-1": {
     "omega": -0.03063014673253307,
     "null_sd": 0.020460127128296653,
     "z": -1.5083078455142713
    },
    "0-2": {
     "omega": -0.05075360721835928,
     "null_sd": 0.025798612770057978,
     "z": -1.9621726052293078
    },
    "1-2": {
     "omega": -0.012074354253167465,
     "null_sd": 0.04758284329481692,
     "z": -0.25098731178026207
    }
   },
   "circulation": {
    "circulation_sum": 0.09345810820405982,
    "null_mean": 0.07575079919250784,
    "null_sd": 0.03446498898552824,
    "z": 0.5137767204415317
   }
  }
 },
 "galaxy": {
  "zheight": {
   "pairs": {
    "0-1": {
     "omega": -0.318794266351382,
     "null_sd": 0.1599701235483346,
     "z": -2.0046880954584205
    },
    "0-2": {
     "omega": 0.03425711243019282,
     "null_sd": 0.09775298326356724,
     "z": 0.36325343125857307
    },
    "1-2": {
     "omega": 0.004263581527203132,
     "null_sd": 0.09218995361117996,
     "z": 0.03315881790846352
    }
   },
   "circulation": {
    "circulation_sum": 0.35731496030877796,
    "null_mean": 0.2831915573959234,
    "null_sd": 0.12034271739534946,
    "z": 0.6159359246370405
   }
  },
  "jz": {
   "pairs": {
    "0-1": {
     "omega": 0.020961358545226356,
     "null_sd": 0.10346622838823658,
     "z": 0.18281767001750887
    },
    "0-2": {
     "omega": 0.022774731064907537,
     "null_sd": 0.0730683907201106,
     "z": 0.2914569576476038
    },
    "1-2": {
     "omega": -0.23403895220691642,
     "null_sd": 0.16002049702457485,
     "z": -1.4430080341920173
    }
   },
   "circulation": {
    "circulation_sum": 0.2777750418170503,
    "null_mean": 0.2739562408060118,
    "null_sd": 0.1173671926249515,
    "z": 0.03253721014874264
   }
  },
  "vr": {
   "pairs": {
    "0-1": {
     "omega": -0.08659454593689353,
     "null_sd": 0.08559390792791624,
     "z": -0.9893043114308342
    },
    "0-2": {
     "omega": -0.08794132054410479,
     "null_sd": 0.07481589792593399,
     "z": -1.1642103229895753
    },
    "1-2": {
     "omega": 0.11189651697995237,
     "null_sd": 0.14866813589246763,
     "z": 0.7383625994069987
    }
   },
   "circulation": {
    "circulation_sum": 0.2864323834609507,
    "null_mean": 0.24933879592619201,
    "null_sd": 0.10943988631000266,
    "z": 0.33894029667892134
   }
  }
 },
 "verdict": "WEAK / MARGINAL circulation (|z|~2 in one mode pair only, others ~0), far below the driven-NESS ruler and consistent with TRANSIENT cosmic-assembly drift rather than sustained gamma*M. Reads as BOUND (near-detailed-balance), NOT coordinating."
}