{
 "substrate": "iCARE comatose/post-cardiac-arrest scalp EEG",
 "n_recordings": 9,
 "n_mat_on_disk": 10,
 "preprocessing": {
  "seg_sec": 120.0,
  "band_hz": [
   1,
   40
  ],
  "demean": true,
  "reref": false
 },
 "calibration": {
  "low-rank r=3": {
   "PR": 3.9817279298419486,
   "eff_rank": 3,
   "beta": 0.1763490949133825
  },
  "power-law a=1.0": {
   "PR": 10.072980595448884,
   "eff_rank": 5,
   "beta": 0.537874898929886
  },
  "power-law a=0.6": {
   "PR": 14.75969113332413,
   "eff_rank": 6,
   "beta": 0.7685735897280227
  },
  "pure noise": {
   "PR": 18.988545874395815,
   "eff_rank": 0,
   "beta": 0.9994350867357323
  }
 },
 "per_subject": [
  {
   "subj": "0284",
   "N": 19,
   "T": 30720,
   "fs": 256.0,
   "PR": 5.739987456737618,
   "eff_rank_surr": 3,
   "eff_rank_mp": 5,
   "mp_edge": 1.0503573911929724,
   "beta_sub": 0.21544275102000338,
   "has_hea": false,
   "nrows_hdr": 19,
   "ncols_hdr": 1578500,
   "top_eigs": [
    5.853043742271365,
    3.768350141035958,
    2.9755963475856766,
    1.4182402558960874,
    1.2534459047590196,
    1.007896247808089
   ],
   "subsample": [
    [
     5,
     3.400361828404712,
     0.5945516640679113
    ],
    [
     8,
     4.334908957249495,
     0.6996195845065419
    ],
    [
     10,
     4.81934219024931,
     0.6953168846436945
    ],
    [
     12,
     5.231391567373644,
     0.6618100930196139
    ],
    [
     15,
     5.456914582724302,
     0.488297592521379
    ],
    [
     18,
     5.711258490311121,
     0.23727289225051884
    ]
   ]
  },
  {
   "subj": "0342",
   "N": 19,
   "T": 30000,
   "fs": 250.0,
   "PR": 2.8026373998585195,
   "eff_rank_surr": 2,
   "eff_rank_mp": 2,
   "mp_edge": 1.050965562901805,
   "beta_sub": 0.10972613146085941,
   "has_hea": true,
   "nrows_hdr": 19,
   "ncols_hdr": 375000,
   "top_eigs": [
    10.654818394499557,
    3.559361118435323,
    0.9965086554256553,
    0.7999228927842801,
    0.5282219500455368,
    0.478492181760693
   ],
   "subsample": [
    [
     5,
     2.1453792854141414,
     0.3744441057406469
    ],
    [
     8,
     2.5224220607155106,
     0.40729636421103727
    ],
    [
     10,
     2.4561332183487017,
     0.3042086029089668
    ],
    [
     12,
     2.663023058414417,
     0.2501862003482176
    ],
    [
     15,
     2.715374661715643,
     0.1898215683706641
    ],
    [
     18,
     2.7851465556608197,
     0.0862872017213763
    ]
   ]
  },
  {
   "subj": "0364",
   "N": 19,
   "T": 30000,
   "fs": 250.0,
   "PR": 2.7672589676941164,
   "eff_rank_surr": 3,
   "eff_rank_mp": 3,
   "mp_edge": 1.050965562901805,
   "beta_sub": 0.20613578543336253,
   "has_hea": true,
   "nrows_hdr": 19,
   "ncols_hdr": 75000,
   "top_eigs": [
    11.010758323342536,
    2.130795760053525,
    1.2873036190844263,
    1.0465093727793984,
    0.9328173731434642,
    0.5802371919448824
   ],
   "subsample": [
    [
     5,
     2.328944847732486,
     0.5355356433804378
    ],
    [
     8,
     2.6743944465396736,
     0.4546990986404549
    ],
    [
     10,
     2.522484211774558,
     0.38419002091672244
    ],
    [
     12,
     2.5534294417996617,
     0.31399680111699513
    ],
    [
     15,
     2.783174187731812,
     0.2730895600032172
    ],
    [
     18,
     2.7682885981602854,
     0.11927627283066457
    ]
   ]
  },
  {
   "subj": "0411",
   "N": 20,
   "T": 30720,
   "fs": 256.0,
   "PR": 1.839966381341415,
   "eff_rank_surr": 2,
   "eff_rank_mp": 3,
   "mp_edge": 1.0516820779746496,
   "beta_sub": 0.10147780760227487,
   "has_hea": true,
   "nrows_hdr": 20,
   "ncols_hdr": 76288,
   "top_eigs": [
    14.516013465599304,
    1.97472603377313,
    1.188426016244552,
    0.9484318033584289,
    0.5288608908949086,
    0.3045628990594443
   ],
   "subsample": [
    [
     5,
     1.6151637986122283,
     0.4750760126666428
    ],
    [
     8,
     1.8002657857450566,
     0.499496242364761
    ],
    [
     10,
     1.8346137377926197,
     0.2866075673173076
    ],
    [
     12,
     1.7677180905062577,
     0.23757367779860905
    ],
    [
     15,
     1.7807781860181684,
     0.2085607547344716
    ],
    [
     18,
     1.8684047240017272,
     0.11611122918105132
    ],
    [
     20,
     1.839966381341415,
     6.670583590295732e-16
    ]
   ]
  },
  {
   "subj": "0474",
   "N": 19,
   "T": 30720,
   "fs": 256.0,
   "PR": 4.4503740444463,
   "eff_rank_surr": 4,
   "eff_rank_mp": 4,
   "mp_edge": 1.0503573911929724,
   "beta_sub": 0.2169795856968099,
   "has_hea": true,
   "nrows_hdr": 20,
   "ncols_hdr": 764160,
   "top_eigs": [
    5.783948133244439,
    5.274424677501452,
    3.6282122942271307,
    2.4793148522213997,
    0.4591841452247788,
    0.3837907859586833
   ],
   "subsample": [
    [
     5,
     2.941981736524478,
     0.40709510265518506
    ],
    [
     8,
     3.5850918259175097,
     0.3575550036356694
    ],
    [
     10,
     3.8451448204662895,
     0.300550235448453
    ],
    [
     12,
     4.042043066030773,
     0.21833928281205028
    ],
    [
     15,
     4.197720085206612,
     0.18780778863062578
    ],
    [
     18,
     4.417022943689041,
     0.08842154138964604
    ]
   ]
  },
  {
   "subj": "0501",
   "N": 19,
   "T": 30720,
   "fs": 256.0,
   "PR": 3.8199051542301827,
   "eff_rank_surr": 1,
   "eff_rank_mp": 4,
   "mp_edge": 1.0503573911929724,
   "beta_sub": 0.12048316628703251,
   "has_hea": false,
   "nrows_hdr": 19,
   "ncols_hdr": 1608000,
   "top_eigs": [
    8.026531138936432,
    4.9936589474150805,
    1.3723826840440125,
    1.259236652589101,
    0.8095246513176776,
    0.7345543754425615
   ],
   "subsample": [
    [
     5,
     2.7245536394997836,
     0.40132803689538193
    ],
    [
     8,
     3.200396374826628,
     0.4178082304837598
    ],
    [
     10,
     3.3481759470026438,
     0.4055627000565402
    ],
    [
     12,
     3.587955512391415,
     0.36221810551846295
    ],
    [
     15,
     3.6705720286757186,
     0.2124296083734613
    ],
    [
     18,
     3.768663410405466,
     0.11338190169154541
    ]
   ]
  },
  {
   "subj": "0526",
   "N": 18,
   "T": 30720,
   "fs": 256.0,
   "PR": 2.4766358396218178,
   "eff_rank_surr": 3,
   "eff_rank_mp": 3,
   "mp_edge": 1.0489982293275926,
   "beta_sub": 0.10369407610950061,
   "has_hea": false,
   "nrows_hdr": 20,
   "ncols_hdr": 638464,
   "top_eigs": [
    10.718041645678266,
    2.9391013571019537,
    2.514550739034822,
    0.9241903316465936,
    0.26512584960059676,
    0.1761544945884119
   ],
   "subsample": [
    [
     5,
     2.0257718741584347,
     0.2847941384930872
    ],
    [
     8,
     2.234489279613578,
     0.22698479809125632
    ],
    [
     10,
     2.309775713124639,
     0.17697409343417755
    ],
    [
     12,
     2.3747811357339565,
     0.14385944779388507
    ],
    [
     15,
     2.4320684094012996,
     0.07549125236505436
    ],
    [
     18,
     2.4766358396218164,
     8.218650437240237e-16
    ]
   ]
  },
  {
   "subj": "0549",
   "N": 19,
   "T": 60000,
   "fs": 500.0,
   "PR": 3.3923938281618597,
   "eff_rank_surr": 3,
   "eff_rank_mp": 3,
   "mp_edge": 1.035906927506771,
   "beta_sub": 0.14238686485353527,
   "has_hea": true,
   "nrows_hdr": 19,
   "ncols_hdr": 998500,
   "top_eigs": [
    8.205734277747917,
    5.278897647813926,
    3.1849013681980916,
    0.8450942877700918,
    0.4226922086962273,
    0.2581658353950808
   ],
   "subsample": [
    [
     5,
     2.486741747148596,
     0.3736521232355406
    ],
    [
     8,
     2.904410839230309,
     0.34554914971716516
    ],
    [
     10,
     3.0089014838388364,
     0.33373978466817983
    ],
    [
     12,
     3.2003147713832583,
     0.2397722520767207
    ],
    [
     15,
     3.2940002775893347,
     0.1940948321149631
    ],
    [
     18,
     3.391203298360189,
     0.08360468190327879
    ]
   ]
  },
  {
   "subj": "0571",
   "N": 19,
   "T": 30720,
   "fs": 256.0,
   "PR": 3.6597670756890714,
   "eff_rank_surr": 3,
   "eff_rank_mp": 3,