{
 "dataset": "Chironomus riparius lab midge swarms (Sinhuber/Ouellette 2019, figshare 11546013), unperturbed takes",
 "takes": [
  {
   "take": "10",
   "N": 14,
   "W": 200,
   "PR": 8.912803378803623,
   "eff_rank": 1,
   "surr_PR": 9.210117121176934,
   "beta_sub": 0.7370468051694737,
   "xi_over_L_median": 0.3252906390187299,
   "xi_vs_L_corr": 0.23642338265354404,
   "n_frames_xi": 4000,
   "xi_median": 100.87342571831411,
   "L_range": [
    153.7066282651448,
    562.3134863990343
   ],
   "n_range": [
    6,
    16
   ],
   "db_z": 3.098150518966946,
   "top_eigs": [
    2.7101192476736444,
    1.912997274041311,
    1.7332152625306285,
    1.6031778338373135,
    1.3766114784221442,
    1.0771165606097917
   ],
   "subsample": [
    [
     4,
     3.5778297572510835,
     0.2257257578198504
    ],
    [
     5,
     4.237113949906425,
     0.27548383351174516
    ],
    [
     6,
     4.908724334500156,
     0.2649220374055774
    ],
    [
     8,
     6.114854681596397,
     0.309802664981405
    ],
    [
     10,
     7.213330982964316,
     0.300418493094407
    ],
    [
     12,
     8.132360134781354,
     0.250086448892522
    ],
    [
     14,
     8.91280337880362,
     2.2469334198890887e-15
    ]
   ]
  },
  {
   "take": "14",
   "N": 11,
   "W": 200,
   "PR": 4.0371885956138245,
   "eff_rank": 1,
   "surr_PR": 6.7932715240524155,
   "beta_sub": 0.41971830181846126,
   "xi_over_L_median": 0.48492114938079955,
   "xi_vs_L_corr": 0.13090849822877051,
   "n_frames_xi": 3208,
   "xi_median": 264.1293952183662,
   "L_range": [
    353.07746669274917,
    711.2889672165303
   ],
   "n_range": [
    6,
    15
   ],
   "db_z": 2.4492483145373813,
   "top_eigs": [
    4.582472537146971,
    2.1054665857507784,
    1.603308007629204,
    1.0004143055307073,
    0.7261856586962542,
    0.5847524723316139
   ],
   "subsample": [
    [
     4,
     2.664395231239358,
     0.6403623542675232
    ],
    [
     5,
     3.0896526784490637,
     0.6899865973211458
    ],
    [
     6,
     3.329353527208765,
     0.6932503103269978
    ],
    [
     8,
     3.6976433858512943,
     0.6332872775230778
    ],
    [
     10,
     3.959362736290843,
     0.4168251867743843
    ]
   ]
  },
  {
   "take": "22",
   "N": 8,
   "W": 200,
   "PR": 5.079260206312245,
   "eff_rank": 1,
   "surr_PR": 5.275121368650523,
   "beta_sub": 0.643254187614816,
   "xi_over_L_median": 0.35871532173537585,
   "xi_vs_L_corr": 0.20873735244628733,
   "n_frames_xi": 3972,
   "xi_median": 154.3870258678864,
   "L_range": [
    224.70072713321179,
    938.0880608769808
   ],
   "n_range": [
    6,
    12
   ],
   "db_z": 2.0036632348015004,
   "top_eigs": [
    2.4215736192780266,
    1.767885958397291,
    1.3062474410900977,
    1.0256776136621322,
    0.7006659013632331,
    0.5607132913297582
   ],
   "subsample": [
    [
     4,
     3.236109938090557,
     0.3011353494707343
    ],
    [
     5,
     3.774239462015964,
     0.30060163443106674
    ],
    [
     6,
     4.162431814873577,
     0.2726739809704792
    ],
    [
     8,
     5.079260206312245,
     1.2664979960305467e-15
    ]
   ]
  },
  {
   "take": "27",
   "N": 13,
   "W": 200,
   "PR": 7.626775653050189,
   "eff_rank": 1,
   "surr_PR": 7.957082673817612,
   "beta_sub": 0.6933374462040566,
   "xi_over_L_median": 0.3332228029832641,
   "xi_vs_L_corr": 0.17801973706856603,
   "n_frames_xi": 4000,
   "xi_median": 197.67035441791305,
   "L_range": [
    336.2131174908381,
    1004.3144449487958
   ],
   "n_range": [
    6,
    17
   ],
   "db_z": -3.0799473461498366,
   "top_eigs": [
    2.7850486408966777,
    2.231377251636722,
    1.8955937153193683,
    1.51716294440852,
    1.1785576335202312,
    0.8958241182293075
   ],
   "subsample": [
    [
     4,
     3.4110851291736237,
     0.2097049206382667
    ],
    [
     5,
     4.04222785312594,
     0.23599033585942278
    ],
    [
     6,
     4.6566062692891785,
     0.2785889042867934
    ],
    [
     8,
     5.679775066167815,
     0.26530517128680053
    ],
    [
     10,
     6.531578069424414,
     0.23379415620877267
    ],
    [
     12,
     7.311420683873156,
     0.1366609102075053
    ]
   ]
  },
  {
   "take": "7",
   "N": 13,
   "W": 200,
   "PR": 8.513598683633774,
   "eff_rank": 0,
   "surr_PR": 9.158927781873635,
   "beta_sub": 0.7447927076441097,
   "xi_over_L_median": 0.2719629102045605,
   "xi_vs_L_corr": 0.2120955538488572,
   "n_frames_xi": 3999,
   "xi_median": 99.4993637517239,
   "L_range": [
    214.3417336080741,
    761.6383327326703
   ],
   "n_range": [
    7,
    19
   ],
   "db_z": -3.4005528030998606,
   "top_eigs": [
    2.2475474336503742,
    2.0835088347262367,
    1.941779050090183,
    1.4734102292825677,
    1.2709825107395303,
    1.1536010723666967
   ],
   "subsample": [
    [
     4,
     3.5819926895881977,
     0.191681119761299
    ],
    [
     5,
     4.261855172001021,
     0.22050364694178928
    ],
    [
     6,
     4.930178443211486,
     0.2391238309171269
    ],
    [
     8,
     6.149141270284084,
     0.21933649118806509
    ],
    [
     10,
     7.156410245117868,
     0.2150911005925052
    ],
    [
     12,
     8.094349928104968,
     0.12219744762590815
    ]
   ]
  }
 ],
 "pooled_xi_scaling": {
  "n_frames": 19179,
  "L_range": [
   153.7066282651448,
   1004.3144449487958
  ],
  "n_range": [
   6,
   19
  ],
  "xi_over_L_median": 0.3465924070353157,
  "slope_logxi_logL": 0.9489390207074307,
  "corr_logxi_logL": 0.5141750627200051,
  "slope_logxi_logn": -0.8369698591892506,
  "xi_median": 150.76475346039368
 },
 "verdict_inputs": {
  "n_takes": 5,
  "N_range": [
   8,
   14
  ],
  "PR_median": 7.626775653050189,
  "N_mean": 11.8,
  "keff_over_N": 0.6463369197500161,
  "eff_rank_median": 1.0,
  "eff_rank_range": [
   0,
   1
  ],
  "beta_mean": 0.6476298896901834,
  "beta_std": 0.11957258661073564,
  "db_absz_median": 3.0799473461498366
 },
 "xi_shuffle_control": {
  "description": "Spatially permute velocity vectors among positions within each frame (destroys real position-velocity spatial correlation; preserves the sum-rule Sum(phi)=0 and the point cloud). If xi/L and slope survive the shuffle, the scale-free correlation length is a definitional/finite-size artifact, not genuine coordination.",
  "REAL": {
   "n_frames": 19179,
   "xi_over_L_median": 0.347,
   "xi_median_mm": 150.8,
   "slope_logxi_logL": 0.949,
   "r": 0.514
  },
  "SHUFFLE": {
   "n_frames": 19168,
   "xi_over_L_median": 0.358,
   "xi_median_mm": 152.4,
   "slope_logxi_logL": 0.941,
   "r": 0.511
  },
  "verdict": "IDENTICAL under shuffle -> xi~L scale-free signature is a zero-crossing/sum-rule finite-size artifact on this dataset, NOT evidence of genuine scale-free correlation."
 }
}