{
 "substrate": "S&P-100 daily log-return cross-correlation",
 "n_stocks": 101,
 "n_days": 1506,
 "tickers": [
  "AAPL",
  "ABBV",
  "ABT",
  "ACN",
  "ADBE",
  "ADP",
  "AMD",
  "AMGN",
  "AMZN",
  "AON",
  "APD",
  "AVGO",
  "AXP",
  "BA",
  "BAC",
  "BKNG",
  "BLK",
  "BMY",
  "BRK-B",
  "BSX",
  "C",
  "CAT",
  "CB",
  "CI",
  "CME",
  "COP",
  "COST",
  "CSCO",
  "CVS",
  "CVX",
  "DE",
  "DHR",
  "DIS",
  "DUK",
  "EMR",
  "EOG",
  "FDX",
  "GE",
  "GILD",
  "GOOG",
  "GOOGL",
  "GS",
  "HD",
  "HON",
  "IBM",
  "ICE",
  "INTC",
  "ISRG",
  "ITW",
  "JNJ",
  "JPM",
  "KO",
  "LIN",
  "LMT",
  "LOW",
  "MA",
  "MCD",
  "MDLZ",
  "MDT",
  "META",
  "MMM",
  "MO",
  "MRK",
  "MS",
  "MSFT",
  "MU",
  "NEE",
  "NKE",
  "NSC",
  "NVDA",
  "ORCL",
  "PANW",
  "PEP",
  "PFE",
  "PG",
  "PGR",
  "PLD",
  "PM",
  "QCOM",
  "REGN",
  "RTX",
  "SBUX",
  "SCHW",
  "SLB",
  "SO",
  "SYK",
  "T",
  "TJX",
  "TMO",
  "TSLA",
  "TXN",
  "UNH",
  "UNP",
  "UPS",
  "V",
  "VRTX",
  "VZ",
  "WFC",
  "WMT",
  "XOM",
  "ZTS"
 ],
 "PR_keff": 10.596390281758932,
 "mp_edge": 1.5850035753410792,
 "eff_rank_mp": 8,
 "eff_rank_surr": 8,
 "surr_rank_mp": 1,
 "beta_sub": 0.15260956533506775,
 "market_mode_eig": 28.433685604457395,
 "market_variance_frac": 0.28152163964809296,
 "frac_in_mp_bulk": 0.9207920792079208,
 "top_eigs": [
  28.433685604457395,
  7.668093520467317,
  5.942588982976361,
  2.8200583865608038,
  2.5041340810238695,
  2.3055336194925364,
  1.8284101026360804,
  1.63186307250925,
  1.5291085415394055,
  1.5166121335444465,
  1.4151999717693575,
  1.3164064853222524
 ],
 "subsample": [
  [
   20,
   7.770695179993682,
   0.7453793053325465
  ],
  [
   30,
   8.752281799530238,
   0.7537485229083152
  ],
  [
   40,
   9.193711275498753,
   0.6177265870783301
  ],
  [
   60,
   10.027277880223824,
   0.683219203696556
  ],
  [
   80,
   10.321131157757575,
   0.35052838602169
  ],
  [
   100,
   10.588256865361585,
   0.08141965980143813
  ]
 ],
 "verdict": "LOW-RANK (market mode + sector spikes over MP bulk): the RMT-predicted structure; NOT criticality"
}