{
  "seed": 20260712,
  "meta": {
    "sigma_observable": "sigma_max^N1 (physical, primary) and ^N3 (bare stirring, secondary); corridor_ceiling/sigma_max.py generalized to a general spectrum",
    "nulls": "A=phase-randomized (needs series); B=k_eff-matched random spectra (confound null); C=spectrum-matched Haar eigenvectors (diagnostic)",
    "P": 1.0
  },
  "per_substrate": {
    "finance_SP100": {
      "cls": "coordinating",
      "found": true,
      "N": 97,
      "T": 2010,
      "k_eff": 6.375119489564384,
      "sigma_N1": 6.746167520128352,
      "sigma_N3": 11.424538262878052,
      "pctA_N1": 100.0,
      "pctA_N3": 100.0,
      "pctB_N1": 0.0,
      "pctB_N3": 0.0,
      "nullC_maxreldev_N1": 2.2381645711956552e-15,
      "nullC_maxreldev_N3": 2.052416451374057e-14,
      "nullB_kept": 500,
      "nullB_tries": 74637,
      "nullB_PR_mean": 6.376369202059576,
      "top_eigs": [
        37.062383600418265,
        5.961737794302608,
        4.993507949018848,
        2.4324685328395814,
        2.041509089275892,
        1.8145750885822114,
        1.5562902321219587,
        1.3810188639939145
      ],
      "min_eigs": [
        0.0816294802729244,
        0.09435208075935236,
        0.09858899633205392,
        0.12395567815536242
      ]
    },
    "fullmarket_SP500": {
      "cls": "coordinating",
      "found": true,
      "N": 486,
      "T": 1504,
      "k_eff": 11.144810818537952,
      "sigma_N1": 36.41196287894934,
      "sigma_N3": 218.31007006214298,
      "pctA_N1": 100.0,
      "pctA_N3": 100.0,
      "pctB_N1": 4.2682926829268295,
      "pctB_N3": 0.0,
      "nullC_maxreldev_N1": 1.951399154509417e-15,
      "nullC_maxreldev_N3": 5.012301140112662e-13,
      "nullB_kept": 164,
      "nullB_tries": 400000,
      "nullB_PR_mean": 11.164880131649545,
      "top_eigs": [
        137.76384484690698,
        31.210165327960485,
        23.163203964393684,
        11.56620493817474,
        9.484281057228324,
        8.34734213256833,
        7.544882408864098,
        5.550612813987967
      ],
      "min_eigs": [
        0.0032435685732418516,
        0.007793155158653037,
        0.015359684231874405,
        0.032259849768393224
      ]
    },
    "galaxy_density_TNG": {
      "cls": "coordinating",
      "found": true,
      "N": 12,
      "T": 43,
      "k_eff": 3.0055855166246195,
      "sigma_N1": 3.824306390475305,
      "sigma_N3": 272.10490277624547,
      "pctA_N1": 66.8,
      "pctA_N3": 100.0,
      "pctB_N1": 46.0,
      "pctB_N3": 9.0,
      "nullC_maxreldev_N1": 1.6257193600871932e-15,
      "nullC_maxreldev_N3": 1.533345008419138e-13,
      "nullB_kept": 500,
      "nullB_tries": 44739,
      "nullB_PR_mean": 3.0060581462535447,
      "top_eigs": [
        5.852535329942869,
        3.2130087663200606,
        1.6409118353690377,
        0.741216557882849,
        0.259092549236911,
        0.1319368304803498,
        0.07690617072391231,
        0.047295921398062664
      ],
      "min_eigs": [
        0.0028543066179585485,
        0.005158307928380787,
        0.0089008468070985,
        0.020182577292509774
      ]
    },
    "galaxy_temp_TNG": {
      "cls": "coordinating",
      "found": true,
      "N": 12,
      "T": 43,
      "k_eff": 3.3367445305902548,
      "sigma_N1": 3.679615283222994,
      "sigma_N3": 479.84873143527227,
      "pctA_N1": 51.0,
      "pctA_N3": 100.0,
      "pctB_N1": 53.800000000000004,
      "pctB_N3": 19.0,
      "nullC_maxreldev_N1": 1.5689574272542083e-15,
      "nullC_maxreldev_N3": 3.7848328309018353e-13,
      "nullB_kept": 500,
      "nullB_tries": 44744,
      "nullB_PR_mean": 3.333291035607767,
      "top_eigs": [
        5.472108038471463,
        3.103168907693994,
        1.5495830911176525,
        0.8165498945647996,
        0.6775747062181932,
        0.21530501546575398,
        0.07476567509903749,
        0.04691948445340239
      ],
      "min_eigs": [
        0.0014425440138607674,
        0.003752659040526318,
        0.00878920872252713,
        0.030040775138789524
      ]
    },
    "galaxy_velocity_TNG": {
      "cls": "bound",
      "found": true,
      "N": 12,
      "T": 43,
      "k_eff": 2.890685824904766,
      "sigma_N1": 3.9136695140008895,
      "sigma_N3": 513.4083050258785,
      "pctA_N1": 50.8,
      "pctA_N3": 100.0,
      "pctB_N1": 49.0,
      "pctB_N3": 10.0,
      "nullC_maxreldev_N1": 1.8155409730386825e-15,
      "nullC_maxreldev_N3": 4.667860873522233e-13,
      "nullB_kept": 500,
      "nullB_tries": 43441,
      "nullB_PR_mean": 2.8899071175938316,
      "top_eigs": [
        5.993271183165641,
        3.2878216221218795,
        1.6297179279363971,
        0.5565729373347723,
        0.32304044346953403,
        0.11643544240210019,
        0.035747218426414706,
        0.026966469311673326
      ],
      "min_eigs": [
        0.0013297264899273565,
        0.0036392451583579124,
        0.006130035171709251,
        0.019327749011592062
      ]
    },
    "iid_gaussian_CONSTRUCTED": {
      "cls": "dead-control",
      "found": false,
      "N": 97,
      "T": 2010,
      "k_eff": 92.63066430679055,
      "sigma_N1": 1.4575269915438567,
      "sigma_N3": 1.583311778679874,
      "pctA_N1": 74.6,
      "pctA_N3": 40.0,
      "pctB_N1": 16.2,
      "pctB_N3": 12.6,
      "nullC_maxreldev_N1": 1.980464087987732e-15,
      "nullC_maxreldev_N3": 3.3657745681927522e-15,
      "nullB_kept": 500,
      "nullB_tries": 4230,
      "nullB_PR_mean": 92.56701267101036,
      "top_eigs": [
        1.4663901541695974,
        1.4488743031084652,
        1.4086256972955655,
        1.4039942188705075,
        1.3773547591819277,
        1.3633818083390428,
        1.3412768012705645,
        1.3384656173784515
      ],
      "min_eigs": [
        0.6244034925332395,
        0.6389388342688647,
        0.6458544504567446,
        0.6612656330270112
      ]
    },
    "phaserand_finance_CONSTRUCTED": {
      "cls": "reversible-control",
      "found": false,
      "N": 97,
      "T": 2010,
      "k_eff": 91.90809382060769,
      "sigma_N1": 1.5118560279778859,
      "sigma_N3": 1.6432358201455333,
      "pctA_N1": 54.2,
      "pctA_N3": 48.0,
      "pctB_N1": 18.2,
      "pctB_N3": 12.8,
      "nullC_maxreldev_N1": 1.468688822321375e-15,
      "nullC_maxreldev_N3": 2.5674023422894667e-15,
      "nullB_kept": 500,
      "nullB_tries": 4595,
      "nullB_PR_mean": 92.10555383914745,
      "top_eigs": [
        1.5283969121823255,
        1.4960087496601948,
        1.4898340185361967,
        1.4486207919689953,
        1.4298489265804974,
        1.3996884947535009,
        1.38291133964076,
        1.3705561273813718
      ],
      "min_eigs": [
        0.6014121901527673,
        0.6158702952679203,
        0.6323596355191795,
        0.6353526353132298
      ]
    }
  },
  "class_split": {
    "pctB_N1": {
      "coord_extremity_median": 4.0,
      "ctrl_extremity_median": 32.8,
      "coord_pcts": [
        0.0,
        4.2682926829268295,
        46.0,
        53.800000000000004,
        49.0
      ],
      "ctrl_pcts": [
        16.2,
        18.2
      ],
      "mannwhitney_U": 4.0,
      "mannwhitney_p_1sided": 0.7142857142857142
    },
    "pctB_N3": {
      "coord_extremity_median": 41.0,
      "ctrl_extremity_median": 37.3,
      "coord_pcts": [
        0.0,
        0.0,
        9.0,
        19.0,
        10.0
      ],
      "ctrl_pcts": [
        12.6,
        12.8
      ],
      "mannwhitney_U": 8.0,
      "mannwhitney_p_1sided": 0.1642824917195983
    },
    "pctA_N1": {
      "coord_extremity_median": 16.799999999999997,
      "ctrl_extremity_median": 14.399999999999999,
      "coord_pcts": [
        100.0,
        100.0,
        66.8,
        51.0,
        50.8
      ],
      "ctrl_pcts": [
        74.6,
        54.2
      ],
      "mannwhitney_U": 5.0,
      "mannwhitney_p_1sided": 0.5774607508816005
    },
    "pctA_N3": {
      "coord_extremity_median": 50.0,
      "ctrl_extremity_median": 6.0,