{
 "A_null_coverage_pct": 90.5,
 "B_power_mean_r": 0.7454045889688016,
 "B_power_detect_pct": 98.0,
 "C_iid_bootstrap_null_coverage_pct": 28.999999999999996,
 "D_homogeneous_pool": {
  "fe_r": 0.49999999999999994,
  "fe_z": 0.5493061443340548,
  "fe_se": 0.05773502691896258,
  "fe_ci": [
   0.4104443604498262,
   0.5800027139340254
  ],
  "fe_p": 1.8300809691961e-21,
  "re_r": 0.49999999999999994,
  "re_se": 0.05773502691896258,
  "re_ci": [
   0.4104443604498262,
   0.5800027139340254
  ],
  "re_p": 1.8300809691961e-21,
  "Q": 0.0,
  "Q_df": 2,
  "Q_p": 1.0,
  "I2_pct": 0.0,
  "tau2": 0.0
 },
 "E_opposed_pool": {
  "fe_r": 0.0,
  "fe_z": 0.0,
  "fe_se": 0.0565685424949238,
  "fe_ci": [
   -0.11042223574922194,
   0.11042223574922194
  ],
  "fe_p": 1.0,
  "re_r": 0.0,
  "re_se": 0.5493061443340547,
  "re_ci": [
   -0.7919497818766401,
   0.7919497818766401
  ],
  "re_p": 1.0,
  "Q": 94.29288756348294,
  "Q_df": 1,
  "Q_p": 2.7212634112633013e-22,
  "I2_pct": 98.93947462439652,
  "tau2": 0.5970744804062907
 }
}